X_1,X_2,Y,W
5.755401593946792,1.3190698574187238,7.794563772218173,0.0
6.272670611808026,0.5814383657706685,8.292437223557492,0.0
5.9224468127679994,1.7123567092867398,7.866867192870532,0.0
5.814565964963607,1.8113015136439867,8.585965535150251,0.0
5.356231944399653,1.5916674505760335,9.174071697076583,0.0
5.262691282325652,1.13861882499497,7.707290206859499,0.0
5.582144905953473,0.5912608567698147,8.650663402578076,0.0
5.939356213359115,1.302175433454786,8.451359553115163,0.0
5.869250656538829,0.6825319428094535,8.268981635175946,0.0
5.901542359142891,1.5216666410286064,8.888238009019965,0.0
5.245743388645165,1.3925336090453764,8.640127503544413,0.0
4.4385785945045,0.36849795890215076,8.354796693522339,0.0
5.7775940013085565,0.5065781919031676,7.8775804057196135,0.0
4.856019377829144,1.3056251121689113,8.050386312620864,0.0
5.1250497138581155,1.0597779882016514,7.640789374322249,0.0
5.29813275675028,0.5538775079958322,7.323730043901876,0.0
5.172459326225197,1.0674243535018912,8.3926896174127,0.0
5.946425254924994,1.731493507887833,8.787307826244616,0.0
6.449414296165341,1.555412633013013,8.574289015144478,0.0
6.638084088163627,1.2319023603279051,8.98410171003301,0.0
5.679085232752744,0.5414608236697345,8.206791403548994,0.0
6.122142841218114,0.8456812885720947,8.259491704785537,0.0
4.761689378796121,0.4931334206991088,8.723278798433645,0.0
5.023147399101147,0.9596911460997171,8.555221996669621,0.0
4.81450533367862,1.7812183537443058,9.115034169542541,0.0
5.713139759246964,0.6454606623552155,8.798519000806413,0.0
5.58002870646425,1.1125841271570014,8.147303842130189,0.0
6.620149204545411,1.3433169149237563,8.53819443064968,0.0
5.4595115153550875,0.4753661265732405,9.053007004842321,0.0
4.993748055041243,0.6848533336363505,7.995031385374491,0.0
5.860388001815233,0.6896710677997239,8.78040549720884,0.0
5.993738515392929,0.22806124679495177,8.126912346380525,0.0
4.73910214802402,1.35699416894799,8.79746500762399,0.0
5.422817322459695,0.8543666447224981,8.78151921525432,0.0
5.418765693443586,0.8443868194413799,8.724525180578706,0.0
6.143494580970659,1.2411894044714658,8.350189891891574,0.0
6.084258863981223,0.8489968338499896,8.750947041946667,0.0
5.073609599446404,0.21592926954618852,8.53410702048458,0.0
4.471519465047281,1.0407969270896988,8.480205394346166,0.0
5.283338660105794,0.829193222252004,8.792183642269768,0.0
5.33586551005481,1.229678265534024,8.976398310708955,0.0
4.582785356207844,0.6203969648005444,8.243063883895347,0.0
5.436111932386588,1.1345770556417243,8.34194420700653,0.0
5.322523619753359,1.1026745235429454,9.509868119154262,0.0
6.165509847782864,0.74242142611748,8.364324579387988,0.0
5.183902529868493,0.8690982280454687,7.861333023925421,0.0
5.438126818973611,0.5488010948257058,8.722311282549345,0.0
5.35599951728726,0.8630625028402307,7.8804730040217414,0.0
5.955652873340257,0.7689639467152666,8.549902261061321,0.0
5.325131588847175,0.3183023595898762,8.72798662734751,0.0
6.145172610478091,1.590532574008852,7.772577346825277,0.0
5.097126826505801,1.4521551356411293,8.398438473376896,0.0
5.038017315741879,1.8096595251835783,8.045956031520845,0.0
5.096289235010211,0.937872279334973,8.273269004287394,0.0
5.888647470520841,0.6511521241891214,8.165866912740341,0.0
5.321280139930026,1.2141608870546818,8.223855231427558,0.0
4.998006467174755,0.6657930942845025,8.302755149227552,0.0
5.9989100361875565,1.1376097878451843,7.922652775857492,0.0
5.758893624285647,1.044249419030232,8.565779667394562,0.0
5.0408106321476716,0.21770360249312415,8.20158306735162,0.0
4.823630872189093,2.124402442064886,8.477351197385497,0.0
5.686823088755608,0.4059590263132532,7.65018300600677,0.0
5.7991554290058165,1.5306985576279644,8.602461501555354,0.0
5.183902529868493,0.8690982280454687,7.861333023925421,0.0
5.514045514045274,1.238969419372598,8.218659200559074,0.0
4.830017396928739,0.7188034339331456,8.211301465704935,0.0
5.907686439237975,0.6446648333030793,9.39688277336464,0.0
5.383322268532101,0.26253230879876843,8.050326294900698,0.0
5.156964024842135,1.3137256509751936,7.440689812160163,0.0
5.812282302817468,1.5314794605479003,8.121700992668343,0.0
5.882981674154824,0.8735896955644176,8.637337473873338,0.0
6.355513826386874,1.1284025047065123,8.187447402083201,0.0
5.814292895943401,0.9286381262682256,8.084910257338871,0.0
5.621852327419491,0.7909106970557798,8.835278049381126,0.0
4.994374805934596,0.5958043056656543,7.578128093972304,0.0
5.733180064727814,1.206841161517599,8.022817829444756,0.0
5.021502022811573,0.4021592894089141,8.907771060774191,0.0
6.263834218868445,0.25542460055611915,8.747398750621974,0.0
5.304810188757745,0.47058628080215426,8.477954107582464,0.0
6.81370639756883,0.8058135385379361,8.366195473228649,0.0
5.6236815905638196,1.5666065616761582,7.710215184635731,0.0
5.369407135059574,0.8976466716521668,8.281094383215104,0.0
5.618638283218454,1.1961778265175445,7.71302633797913,0.0
5.809119455212674,0.7567130861873045,8.485042699373857,0.0
6.008399401613734,0.548766778549802,8.39354290448584,0.0
5.9518579274683985,1.4657363488696915,8.937962239437137,0.0
5.6181369363983045,0.9268374279714475,8.895642482378875,0.0
5.8745330997027745,1.5864952290046044,8.089018000182941,0.0
5.817400349638052,0.8744039532913835,8.71814857994851,0.0
4.981870070461844,0.49461362370245865,9.06481641575604,0.0
5.346963285158713,1.797374828030037,8.233360638048094,0.0
5.293433797615618,0.6333219011125888,8.813048788351509,0.0
5.656130258699223,1.550077850461562,8.93814487054884,0.0
5.539730230316561,1.3736880683844608,9.000495925528826,0.0
5.4500506131870115,0.9191403650111747,8.222332573153096,0.0
5.50787443850254,1.7069247477324994,9.09347960408033,0.0
5.298343141401759,0.7816089470203574,8.064451196416982,0.0
5.913841382183307,0.7093836970179571,7.906999888735633,0.0
5.183902529868493,0.8690982280454687,7.861333023925421,0.0
4.5685889755746025,0.844218302196455,8.86830191079961,0.0
5.163776456396011,0.9843731731832052,7.943150503022835,0.0
6.0644473688867935,0.7805831244491506,8.774633063549196,0.0
4.737926962415784,1.1546722661612214,9.302040412026455,0.0
5.689552739316293,0.5462778293705529,8.08056376648001,0.0
5.382849165663921,0.9443171038572834,8.521369287651384,0.0
5.539730230316561,1.3736880683844608,9.000495925528826,0.0
5.481632731284179,1.0110426092187697,8.514141900050927,0.0
5.311253925515795,1.2024470297339338,8.872931368121076,0.0
6.28533673566376,0.7130575040952558,9.105145970630616,0.0
5.881873932343559,1.9761080323791194,8.36219020073209,0.0
6.108705356511427,1.6238021357343135,8.639081084975873,0.0
4.219441648131651,1.2767415512495506,8.47141642993327,0.0
6.156709110646195,0.5319109248578866,8.441876978825098,0.0
5.767525834252767,0.8071894560503554,8.397914246455802,0.0
5.0568381297167315,1.0128598711001282,8.307843436946497,0.0
5.823857157489425,0.5845177221599296,8.557653829129956,0.0
5.351694492251717,0.4945248146850366,8.39026329307404,0.0
5.097126826505801,1.4521551356411293,8.398438473376896,0.0
4.719071071032948,1.6994068931365982,8.480881109315453,0.0
4.940270257332418,0.7483730555183248,8.50136769866059,0.0
5.239124722479312,0.7356132365388472,7.945762293149202,0.0
5.86395558962631,0.5772019957744607,9.358718115426099,0.0
5.318363807881416,1.187286407672909,8.633972248169309,0.0
5.4994806056025345,1.2933475865061934,8.613792810273988,0.0
5.35599951728726,0.8630625028402307,7.8804730040217414,0.0
5.289046226031827,1.849448428837044,9.288996709219957,0.0
5.489080026361214,1.4195787760380572,8.70445549755169,0.0
4.65696602646647,0.5129203014207688,8.251772510412762,0.0
5.622416163531942,0.9127866967107119,8.96236588256242,0.0
5.045365433329719,1.1664639957530396,7.614447626359598,0.0
4.823630872189093,2.124402442064886,8.477351197385497,0.0
4.779793230983121,0.7451203023532227,8.992362785965584,0.0
5.812282302817468,1.5314794605479003,8.121700992668343,0.0
5.609792668260831,1.2621379352028925,8.765656269161742,0.0
5.282452199118068,1.365447959248852,9.063005570808755,0.0
5.582144905953473,0.5912608567698147,8.650663402578076,0.0
5.827527732181405,0.7349224879538749,8.719354779760813,0.0
5.849042307132879,0.39408397903099524,8.302576686189395,0.0
5.228315803327447,0.5505610644219228,8.28882437947853,0.0
5.394470481443067,0.3523513411895527,8.248458254471055,0.0
5.824933215568405,1.193792582476745,8.734546030951103,0.0
5.156964024842135,1.3137256509751936,7.440689812160163,0.0
4.821119181720292,0.80931225672435,7.940298946087953,0.0
5.9989100361875565,1.1376097878451843,7.922652775857492,0.0
5.493218887048837,1.0099920694535354,8.352989335501844,0.0
5.053901510780776,1.2729128583197813,8.26690108481698,0.0
5.315013060302209,1.4426239543670587,8.272816573420718,0.0
5.314921505182226,0.6098076961750829,8.663480553492292,0.0
4.830017396928739,0.7188034339331456,8.211301465704935,0.0
5.00273611786696,0.5081580913069565,8.05238310469048,0.0
5.6633503532357885,1.4127181096589945,8.39697636985777,0.0
5.29813275675028,0.5538775079958322,7.323730043901876,0.0
5.602010408956108,0.46714084897721986,7.888555027664695,0.0
4.297427067973443,1.3776394551452682,9.296227640233855,0.0
6.734477686319614,0.6518141783012141,8.724376399880372,0.0
5.327310343548843,0.027554392282851947,8.56426251482366,0.0
5.539730230316561,1.3736880683844608,9.000495925528826,0.0
5.740968108841693,1.5725309206931941,8.901762775989608,0.0
5.802907082981257,1.3538573268207228,8.568743368497476,0.0
6.008399401613734,0.548766778549802,8.39354290448584,0.0
5.356486983680372,1.4742713150043987,8.486454497935188,0.0
4.890593880227528,1.1897516632239207,8.769723792495602,0.0
5.000058119793382,0.3554913566565784,8.83591549793131,0.0
5.446287921971609,1.2413533114544941,8.763504042453429,0.0
5.274689519781226,0.6094447955696671,7.532948728585856,0.0
4.787741690768873,0.6293180783431105,8.468786380226833,0.0
5.237789009517604,0.5432375382068052,8.853925828134019,0.0
5.289999899165981,1.0189456436611273,8.535070621968549,0.0
5.5891735586608675,0.6977767462000384,9.120227765077232,0.0
5.719727343449806,1.3744142746681323,8.524978992779655,0.0
5.804734431547261,0.3249972942100616,9.594720725602832,0.0
4.890593880227528,1.1897516632239207,8.769723792495602,0.0
5.959159995589669,0.8871958081710791,8.826983051679758,0.0
4.994374805934596,0.5958043056656543,7.578128093972304,0.0
5.981322819306662,1.3232458892660235,9.191951133662881,0.0
5.706974386707056,1.063923595994857,8.573859946928115,0.0
5.922147031757847,1.1927297624258522,8.201345880383933,0.0
5.499038933691475,0.9147618938514553,8.1535561092414,0.0
5.069536924349104,0.5967408581298816,8.627376098378784,0.0
5.407745185887806,1.1382983409552412,8.318044050623897,0.0
5.058042122846816,1.0253566319494438,8.381887394903313,0.0
6.110961047890233,0.6910550854277342,9.365727396656284,0.0
5.073609599446404,0.21592926954618852,8.53410702048458,0.0
5.804734431547261,0.3249972942100616,9.594720725602832,0.0
5.38475681061149,0.7293602786014457,8.901330308466713,0.0
5.426920140359569,1.0040301716581561,9.221361986547128,0.0
5.465615471080447,1.478295358515154,7.777643943940013,0.0
6.330149668822001,0.8218184813271918,7.991605026987234,0.0
5.623428553726503,0.7209100441530394,9.165239153522428,0.0
5.293433797615618,0.6333219011125888,8.813048788351509,0.0
6.448883601635973,0.5752997704035753,8.675206660610296,0.0
5.675002279049172,1.6925933259701584,7.735064534902504,0.0
6.263834218868445,0.25542460055611915,8.747398750621974,0.0
6.0056580053912825,1.0335961410668466,8.684415716595327,0.0
5.443410736348176,0.9212098003079179,9.068655827041109,0.0
4.787487778701012,0.5999078937167341,8.10968142971125,0.0
5.986094118603999,0.8674515606603861,8.180176897720523,0.0
6.19397063984407,1.2006785182604751,8.15070549024954,0.0
5.553589809621526,0.7990936735400411,9.488510695534965,0.0
5.8154704799551675,1.4550745291802683,8.477267762079608,0.0
6.0803541946255475,1.2998099435366408,8.378884337849291,0.0
5.065507332109133,0.5578396882449208,8.483455429365272,0.0
5.208010870208557,1.0521203524980902,7.756278755848129,0.0
4.879389415590578,0.2685775133276769,9.058580083732453,0.0
4.766420676129375,1.2309332709442087,9.624427159850217,0.0
5.704194554127921,0.8480484349359078,8.922688180568661,0.0
5.327310343548843,0.027554392282851947,8.56426251482366,0.0
4.297427067973443,1.3776394551452682,9.296227640233855,0.0
4.988074910274869,1.7000271338940527,8.154906677332807,0.0
5.408137819475189,0.7895663530098534,8.98202083293468,0.0
5.652604015268329,1.056887159979933,7.985992382050235,0.0
5.975145261756819,0.6950402252761413,7.992742505828075,0.0
6.411953198155051,1.2870846130863618,8.724773385239082,0.0
5.535821975903493,1.039826103940791,8.43478687240364,0.0
4.297427067973443,1.3776394551452682,9.296227640233855,0.0
5.745941204512039,0.6430371111885447,8.830283830715642,0.0
5.304666511890271,1.3435898480815591,8.935517675798309,0.0
5.6236815905638196,1.5666065616761582,7.710215184635731,0.0
5.383322268532101,0.26253230879876843,8.050326294900698,0.0
5.378939667325477,1.7826129356174616,8.55608898575601,0.0
5.283338660105794,0.829193222252004,8.792183642269768,0.0
6.038504370446118,1.0725610716460152,7.602678320297054,0.0
6.30230834077134,0.5731380473186366,8.605231828160905,0.0
5.946302929169354,1.5150274321478614,8.306497828325881,0.0
5.543850313992893,1.5132143568503804,8.577548439627469,0.0
5.150674930403437,1.399227049432044,7.981020020972592,0.0
5.493936723276382,0.6923962310637022,8.395598881037387,0.0
5.769954385017538,0.644734983691706,9.018556196659583,0.0
5.875351254660508,0.9759469458116423,8.647514046582824,0.0
4.931720598324594,0.6057722004834563,8.443547053113708,0.0
4.947537368059661,1.961767369127741,8.278586572828859,0.0
5.318644329621912,0.6132391879100795,8.43222063607625,0.0
5.797074464048248,0.8816284369477796,8.160246289925494,0.0
5.342966426555112,1.0571412467484707,8.488201888464912,0.0
5.441113795884733,0.5323068465599972,8.463361458482161,0.0
5.046592031371511,0.8854326400481893,7.5799749064368225,0.0
5.513089870710012,1.0223464604125496,8.839896576463643,0.0
4.99565658254703,1.556026867258994,8.705463236749333,0.0
6.167107435302824,1.3186229948216468,8.408596541089842,0.0
6.599115535443473,0.8860528368677016,8.262840355659717,0.0
5.849042307132879,0.39408397903099524,8.302576686189395,0.0
4.895796442724569,1.5488022559663057,8.748203911451007,0.0
6.299908385861086,1.410380869567263,7.614883837553305,0.0
5.86395558962631,0.5772019957744607,9.358718115426099,0.0
5.480442541047756,1.2904957635861727,8.074724164368497,0.0
5.489080026361214,1.4195787760380572,8.70445549755169,0.0
5.377137875756614,0.857623634930961,7.851948158859186,0.0
5.261514526344054,1.5836807584589137,7.946091384392919,0.0
5.007163341901538,1.0547823725463688,7.702277580576578,0.0
5.007652493135872,0.8321724625962339,8.129444668394967,0.0
5.724053325030935,0.9986879998282472,8.402454543794223,0.0
5.278386665145515,0.6988225893673397,8.864314237505562,0.0
5.813485836185916,0.8424100427872677,8.244819785278022,0.0
5.007163341901538,1.0547823725463688,7.702277580576578,0.0
5.026499828745495,0.865532192505859,8.284073369043414,0.0
5.0612118830415485,0.4811526920407474,7.88267617373864,0.0
4.868565155275146,1.4214383577495735,8.427784848430889,0.0
5.450815392929962,1.2563186112317926,8.596918814074069,0.0
5.823857157489425,0.5845177221599296,8.557653829129956,0.0
6.129265905205226,1.5675093706426928,8.597665877125078,0.0
6.070884212958245,1.1044053150213944,8.643574342926863,0.0
5.55328991469353,1.726629015094119,7.899236608119836,0.0
5.2870132644256715,1.086176330432927,9.081419414933698,0.0
5.734260335958959,0.9660318202578596,8.232839373691318,0.0
5.971371248691666,0.8894183306360939,8.361822739535603,0.0
5.743421494145002,1.0316613935696017,8.845311579969366,0.0
4.886191563319633,0.9721766446482186,8.512611484522079,0.0
5.460145104788833,1.464067580751737,8.21607754166616,0.0
5.023147399101147,0.9596911460997171,8.555221996669621,0.0
4.5685889755746025,0.844218302196455,8.86830191079961,0.0
5.464900227103783,0.35150639452482846,8.179562844232892,0.0
5.049291534331351,1.1380068389334024,8.763152009553512,0.0
4.737926962415784,1.1546722661612214,9.302040412026455,0.0
5.289046226031827,1.849448428837044,9.288996709219957,0.0
6.620149204545411,1.3433169149237563,8.53819443064968,0.0
5.992641808351052,0.28679644986760067,9.52540262214324,0.0
6.039647099207901,1.3257334665845704,7.674379282530342,0.0
6.017537042021272,1.3198862152821607,8.415279588997098,0.0
5.846107188266402,0.4313851149149027,7.33199387765905,0.0
5.150793250468443,0.8041535147523596,8.792776672257377,0.0
5.6953128217737765,1.3289069156517699,9.020298021459126,0.0
5.087079867337517,0.9382560112077702,7.969365076378408,0.0
5.131225621566406,0.9267072470153489,8.274789456064934,0.0
6.452714349945257,0.8462817101752935,8.9694424468441,0.0
4.933376997521988,1.5184165788055228,8.366230347739041,0.0
5.204372703139283,1.3105066467602482,9.574137036443712,0.0
5.545358958053178,0.7090366656929956,8.430557585839,0.0
6.082210684065058,0.7906952972748993,8.720965013430815,0.0
5.860388001815233,0.6896710677997239,8.78040549720884,0.0
5.3181673820946935,0.5441547134902124,7.643931435584852,0.0
5.505221217601108,0.5766690143885314,8.582217910334103,0.0
5.20964728975322,0.8795172423094568,8.074166220297124,0.0
5.266407233882855,1.5068360049182457,8.745421651161147,0.0
4.812955971585891,0.6476683060935808,8.688659673101695,0.0
5.131355822493059,0.6627453437244502,8.795356531490619,0.0
6.207155622714028,1.5159895903439335,9.526763168349381,0.0
5.157934426888448,0.5873398368978971,8.423036576703558,0.0
5.119462310062508,1.1386988834936058,9.223271416581515,0.0
4.84836809942297,0.29941676713949894,8.7003140959276,0.0
5.3661039631789675,0.23530483703531313,8.813492381226366,0.0
4.986948721177833,0.4964077066604503,8.007541787901149,0.0
5.378939667325477,1.7826129356174616,8.55608898575601,0.0
5.555742315788178,2.0039358821904436,7.741376269997031,0.0
5.539144617989103,1.6864591155203206,9.222802706311628,0.0
5.761536212958682,1.1457130582530302,8.699461425282148,0.0
5.794777050156679,0.7755228792218444,7.226387594656937,0.0
6.272670611808026,0.5814383657706685,8.292437223557492,0.0
4.471519465047281,1.0407969270896988,8.480205394346166,0.0
5.855428679145495,1.4548244947119808,8.566522656656115,0.0
5.017812660942468,1.0354485651133107,8.003792030321938,0.0
5.743420271630158,0.35524700875864035,8.419111567539915,0.0
5.888647470520841,0.6511521241891214,8.165866912740341,0.0
4.724882723624113,0.4146932148537785,9.331742375163739,0.0
5.494610417056466,0.7339824792883772,8.308941978852054,0.0
5.263505098511811,0.46328475732554986,7.691772522367951,0.0
6.105422620125331,1.234347418123907,8.651654468040634,0.0
5.081114255226352,0.7251240297770023,8.233967294760424,0.0
5.1946573043088575,0.7943437416008216,8.191359398156948,0.0
6.060950515400734,0.8919526145470973,8.297922850592613,0.0
5.775867875787924,0.804961656172463,7.874489486163279,0.0
5.026499828745495,0.865532192505859,8.284073369043414,0.0
5.907686439237975,0.6446648333030793,9.39688277336464,0.0
6.2687056567303925,1.0547331530203097,9.017683619319753,0.0
5.089713641769359,0.722971195484652,8.769234696245396,0.0
5.5891735586608675,0.6977767462000384,9.120227765077232,0.0
5.163776456396011,0.9843731731832052,7.943150503022835,0.0
5.029146636544949,1.1799408917843737,8.446698529921912,0.0
5.535821975903493,1.039826103940791,8.43478687240364,0.0
6.0056580053912825,1.0335961410668466,8.684415716595327,0.0
5.716335323407896,1.3133470027042948,8.132734313929888,0.0
5.762326285483527,0.32085430365057777,8.528184019181763,0.0
5.05848653697909,0.3522083733288738,9.192391244067421,0.0
6.28533673566376,0.7130575040952558,9.105145970630616,0.0
4.787741690768873,0.6293180783431105,8.468786380226833,0.0
5.806482248243827,0.702681892676915,8.740082443385871,0.0
5.000058119793382,0.3554913566565784,8.83591549793131,0.0
6.330149668822001,0.8218184813271918,7.991605026987234,0.0
5.097126826505801,1.4521551356411293,8.398438473376896,0.0
5.618638283218454,1.1961778265175445,7.71302633797913,0.0
5.3661039631789675,0.23530483703531313,8.813492381226366,0.0
5.639757902977911,0.7980801027019871,8.72189175061501,0.0
5.671807133880522,0.3487299598322926,8.047533030749147,0.0
5.20964728975322,0.8795172423094568,8.074166220297124,0.0
6.450919518073118,0.5412209071621014,8.107688808922584,0.0
6.092030412753025,0.9510805320465359,8.912421979425629,0.0
6.204687698769198,1.7021459286270741,8.622659007990038,0.0
4.92735299393232,1.0300625784434054,8.476134986148402,0.0
4.897477755958128,1.4982673100429582,8.617532628776466,0.0
4.700620382125022,1.7892279499788257,8.445609011723928,0.0
5.511091835176986,1.6193831484921157,7.86932757443788,0.0
6.620149204545411,1.3433169149237563,8.53819443064968,0.0
5.438856221859629,0.5868962782531554,8.722198928502413,0.0
5.224048601904373,1.129665483468673,8.993817973031481,0.0
5.321766031522295,1.5272380624333701,8.905413273065266,0.0
4.836346500907508,1.8348027239084703,8.831161924741085,0.0
5.150674930403437,1.399227049432044,7.981020020972592,0.0
4.931345203259871,1.2993621302735272,7.948395317577473,0.0
5.6181369363983045,0.9268374279714475,8.895642482378875,0.0
5.705896105461218,0.8193300815163029,9.243947341252047,0.0
5.12290660833041,1.4945018953191367,8.528503482031491,0.0
5.464900227103783,0.35150639452482846,8.179562844232892,0.0
5.370679352330451,0.16697460960378452,7.827547417291518,0.0
5.666424927459928,1.8237866584895353,8.053891214558902,0.0
5.340348667190365,0.9014212015727587,9.183122954899565,0.0
5.066807747963271,0.751601767624358,8.708032505572517,0.0
5.83514722072246,0.9096164423899219,9.104253526298574,0.0
5.33596886604562,0.4136935223464254,8.638221086368247,0.0
6.069227290212233,1.8212234541669137,8.53003499681026,0.0
6.143494580970659,1.2411894044714658,8.350189891891574,0.0
5.557411887877138,0.9984525857388207,8.56168842804779,0.0
5.771590557966671,0.5956828153089044,9.80095017064425,0.0
4.981870070461844,0.49461362370245865,9.06481641575604,0.0
5.80540081894492,0.8223246543492033,8.919095110257816,0.0
5.499038933691475,0.9147618938514553,8.1535561092414,0.0
5.790880220704323,0.6796323959768452,8.113856010352169,0.0
5.253507688747547,1.1525581180017774,9.108119202624598,0.0
5.337310369643726,1.1051637391858622,7.466110531809069,0.0
4.984561258410156,0.8666623471717625,8.238848208542636,0.0
5.671807133880522,0.3487299598322926,8.047533030749147,0.0
5.926675185150286,0.8276243430119119,8.555974329975959,0.0
5.949112619423018,1.219829885088346,8.463478558386699,0.0
5.296832720113227,0.34809788408609443,8.754710738744564,0.0
5.597997019432462,1.096956620956965,9.039666609788812,0.0
5.187246474760059,1.020833144909338,8.479066843046908,0.0
6.255391085906351,0.9827762742639936,8.19838807316018,0.0
6.09979565589016,0.6030410762908311,8.078504720471008,0.0
5.470735562168903,1.7521801137568378,8.818091071972074,0.0
5.354864705767497,1.3155927391342572,8.141754756733887,0.0
5.3111206911417295,0.5644493049536526,8.292841193004472,0.0
5.000681623827768,1.2137611195163864,8.519991213030728,0.0
5.675002279049172,1.6925933259701584,7.735064534902504,0.0
5.717794865754376,1.157452056606108,7.581036810078143,0.0
4.856019377829144,1.3056251121689113,8.050386312620864,0.0
5.29813275675028,0.5538775079958322,7.323730043901876,0.0
5.412228953704742,1.1506305817397582,8.982031454443494,0.0
5.150674930403437,1.399227049432044,7.981020020972592,0.0
4.7437638679195775,1.4065578406786092,8.98728629172194,0.0
4.723236501291484,1.3556818599580698,8.44442515803518,0.0
5.342966426555112,1.0571412467484707,8.488201888464912,0.0
4.6890724562711315,0.9272811237896534,8.310656427399746,0.0
5.745941204512039,0.6430371111885447,8.830283830715642,0.0
5.962981177383079,0.1449816025874675,8.65855663461051,0.0
5.391369729541699,1.7114383669066187,7.676848996686301,0.0
5.208010870208557,1.0521203524980902,7.756278755848129,0.0
4.633856572106191,1.33470000093038,8.700936122972942,0.0
5.4595115153550875,0.4753661265732405,9.053007004842321,0.0
5.356500305812024,1.0527449724175522,7.488320171370133,0.0
5.755401593946792,1.3190698574187238,7.794563772218173,0.0
5.122642522450562,1.3498056586187492,8.08597422799099,0.0
4.986948721177833,0.4964077066604503,8.007541787901149,0.0
4.671937261374657,1.8968649887430005,8.902829148147259,0.0
5.824933215568405,1.193792582476745,8.734546030951103,0.0
6.052397089372331,0.932529916773619,8.569978929261834,0.0
5.86415508512183,0.8609628216974976,8.9244924841355,0.0
5.375661340314317,1.7600250286294905,8.27428654206322,0.0
5.60115493380029,0.8315724248445998,9.283076549082395,0.0
5.7775940013085565,0.5065781919031676,7.8775804057196135,0.0
6.108705356511427,1.6238021357343135,8.639081084975873,0.0
5.478501980629524,1.229824370654014,8.706466208570246,0.0
5.75663890191591,0.5963716172563517,8.47369025178303,0.0
5.873467252137253,1.003704564857217,9.058612275049963,0.0
5.156964024842135,1.3137256509751936,7.440689812160163,0.0
6.045128021646379,0.4475521326748636,8.677939446891028,0.0
6.137353067435861,1.4878976992824429,8.900212328099398,0.0
5.224048601904373,1.129665483468673,8.993817973031481,0.0
5.184122196522452,0.555931977433668,9.078890909028763,0.0
5.80540081894492,0.8223246543492033,8.919095110257816,0.0
5.289046226031827,1.849448428837044,9.288996709219957,0.0
5.860041821047963,0.3403597954133013,8.468225412109453,0.0
5.618638283218454,1.1961778265175445,7.71302633797913,0.0
6.227828823420797,0.713759874691559,8.879584672026969,0.0
5.480024087749586,1.215068078688823,8.474766204326507,0.0
5.240932446226439,0.9183017725622719,8.532054133192906,0.0
5.493936723276382,0.6923962310637022,8.395598881037387,0.0
4.680582309390633,0.8813733779839481,9.362613469382042,0.0
4.860479557963503,0.9628738742352138,8.154032878375837,0.0
5.3862178509544,0.7459734713374901,8.230476578545321,0.0
6.400140993588837,0.8546907464109496,8.249453465813492,0.0
4.915824857165549,1.5835164489824842,8.320211810564638,0.0
5.156964024842135,1.3137256509751936,7.440689812160163,0.0
6.431045248996268,0.7211929903036024,8.222238458096998,0.0
5.959159995589669,0.8871958081710791,8.826983051679758,0.0
5.395060442767674,1.2749053888648976,8.414781500532811,0.0
5.5891735586608675,0.6977767462000384,9.120227765077232,0.0
6.105322399808035,0.9087965528828976,7.853830414564531,0.0
5.240932446226439,0.9183017725622719,8.532054133192906,0.0
5.704194554127921,0.8480484349359078,8.922688180568661,0.0
5.9989100361875565,1.1376097878451843,7.922652775857492,0.0
5.053901510780776,1.2729128583197813,8.26690108481698,0.0
5.304810188757745,0.47058628080215426,8.477954107582464,0.0
5.122642522450562,1.3498056586187492,8.08597422799099,0.0
5.374232359992674,1.629152814283549,9.114333325385012,0.0
6.355513826386874,1.1284025047065123,8.187447402083201,0.0
5.34992882836136,0.8881482326486233,8.999212951147044,0.0
5.316995545016053,1.1925916963334762,8.6618718441223,0.0
6.691779275112708,0.9529182991366382,9.91000864569967,0.0
5.28476748150745,0.5785042039745374,8.283738756736739,0.0
5.705896105461218,0.8193300815163029,9.243947341252047,0.0
5.903738925246944,0.7367943896697982,8.583999629308776,0.0
5.311253925515795,1.2024470297339338,8.872931368121076,0.0
6.448883601635973,0.5752997704035753,8.675206660610296,0.0
5.408137819475189,0.7895663530098534,8.98202083293468,0.0
4.823630872189093,2.124402442064886,8.477351197385497,0.0
6.330297839744525,0.6352243866172491,8.673543265505657,0.0
5.327023668527231,1.2698844245925047,7.646029677710589,0.0
5.539730230316561,1.3736880683844608,9.000495925528826,0.0
5.774098107333942,1.1456748706453166,8.98808368570758,0.0
5.318644329621912,0.6132391879100795,8.43222063607625,0.0
6.054686429225846,1.215263749803894,7.84287648617079,0.0
5.446287921971609,1.2413533114544941,8.763504042453429,0.0
5.111372486830811,1.7360051153247151,8.353718546853326,0.0
5.58002870646425,1.1125841271570014,8.147303842130189,0.0
5.605040578780023,0.13791837062336842,9.150841379007366,0.0
6.517901708418822,1.2141851698057942,8.084149619008977,0.0
5.262691282325652,1.13861882499497,7.707290206859499,0.0
5.321766031522295,1.5272380624333701,8.905413273065266,0.0
6.1896635612264586,1.8729412891401191,8.612702761157136,0.0
5.354864705767497,1.3155927391342572,8.141754756733887,0.0
6.009714176169103,0.7091839832836307,8.135479141687716,0.0
6.429038118728675,1.1221088101185968,8.955465154895517,0.0
5.455624658790612,1.405504033305454,9.23264656770288,0.0
5.473336524902131,1.2047329686059205,8.59591517987246,0.0
6.498068165155821,1.2493040220807268,8.010427888952334,0.0
5.38475681061149,0.7293602786014457,8.901330308466713,0.0
5.7384298124695965,1.2238178787319227,9.119752614001545,0.0
4.81450533367862,1.7812183537443058,9.115034169542541,0.0
5.54787564706645,1.599078383670971,9.046422227220065,0.0
5.020887007636094,1.0873644303819938,8.116882281779796,0.0
5.295155752455551,1.0822832818845836,8.782079279578362,0.0
5.245743388645165,1.3925336090453764,8.640127503544413,0.0
5.5384217827343365,0.645250527301463,8.03606115873193,0.0
7.076248241603689,0.5762920301719956,8.865740055995966,0.0
6.256544989185808,1.3593402022534564,9.201538628824594,0.0
6.038504370446118,1.0725610716460152,7.602678320297054,0.0
3.895238481561366,1.2498178119628722,8.123320921060639,0.0
5.518673172228736,2.344374856013153,8.38452740435228,0.0
5.9607752709542945,1.2506114305357479,7.7164630085807975,0.0
5.589408331037771,1.2301374068588002,8.644526854563825,0.0
5.667633764000351,0.5667453181157158,9.219599039158549,0.0
5.206000319491463,1.2452083344681715,9.237820984146987,0.0
5.412552657216697,1.0,8.785037120535772,1.0
5.915699957316409,1.0,8.453703067285934,1.0
5.328312197689862,1.0,8.097093011349441,1.0
5.839595657800609,1.0,8.926385743947707,1.0
5.105008747557218,1.0,8.181415355232229,1.0
5.845637190952347,1.0,8.620932012804342,1.0
5.505941078793203,1.0,8.940567238183963,1.0
5.0423416204245965,1.0,8.300732583200395,1.0
5.131291390232528,1.0,8.154899399341753,1.0
5.337547956115127,1.0,8.839181373563314,1.0
5.745959063837191,1.0,8.205391954005457,1.0
5.7240845226373995,1.0,8.224958731880951,1.0
5.399710224862866,1.0,8.662562898607257,1.0
5.056039213065841,1.0,8.822578624654524,1.0
5.505677620587872,1.0,8.802445980290875,1.0
5.8699787381479425,1.0,8.776066539557927,1.0
5.924159031901208,1.0,8.075030083988157,1.0
5.4708754669135145,1.0,8.15309130821716,1.0
5.1795583653323805,1.0,8.88994528089056,1.0
5.933838757441012,1.0,8.927467998560578,1.0
5.638240395410312,1.0,8.295519613324487,1.0
5.5179074276737134,1.0,8.252679484654259,1.0
5.5740909337709805,1.0,8.003365984120256,1.0
5.536724313244358,1.0,8.214118604828085,1.0
5.043976742918169,1.0,8.651849435071727,1.0
5.6000792182430725,1.0,8.04364050673978,1.0
5.520943118272723,1.0,8.594772525739861,1.0
5.0881632493097655,1.0,8.574905680727987,1.0
5.2544830011403585,1.0,8.037138256471374,1.0
5.734989643022368,1.0,8.423804737788775,1.0
5.156382423111493,1.0,8.63013525597886,1.0
5.179437095945421,1.0,8.312468988392036,1.0
5.37194290914175,1.0,8.52137328289548,1.0
5.432860567776981,1.0,8.899753304064783,1.0
5.872394392681416,1.0,8.826155621527597,1.0
5.885690472309886,1.0,8.819189941843549,1.0
5.21778961272653,1.0,8.148655456677998,1.0
5.869498326935072,1.0,8.062531649779915,1.0
5.361065032621119,1.0,8.792020036797359,1.0
5.740421840695484,1.0,8.25938481632778,1.0
5.233227687245404,1.0,8.002549562608307,1.0
5.951631572709119,1.0,8.845076646676242,1.0
5.1985719056176665,1.0,8.797804972445459,1.0
5.467473060845338,1.0,8.255210701628759,1.0
5.430708217065263,1.0,8.889544389035848,1.0
5.007820341770403,1.0,8.514634990424337,1.0
5.369912588738577,1.0,8.724201557380217,1.0
5.887720688070486,1.0,8.55181574071956,1.0
5.883993853518871,1.0,8.280273935252863,1.0
5.711213030301211,1.0,8.91686092113874,1.0
5.678295707528468,1.0,8.870936059289054,1.0
5.259700525817819,1.0,8.034834963765695,1.0
5.775320383004676,1.0,8.207915665729953,1.0
5.054220620721713,1.0,8.618910110962616,1.0
5.449154559917783,1.0,8.941402017583115,1.0
5.597369325402525,1.0,8.98207189194374,1.0
5.76367472616556,1.0,8.986130613049834,1.0
5.934132838309051,1.0,8.674886068447336,1.0
5.3487165784497215,1.0,8.08135266077723,1.0
5.973734675804341,1.0,8.09434068299512,1.0
5.6507930436008715,1.0,8.271360741265191,1.0
5.108371104733292,1.0,8.298068837642727,1.0
5.668228718778912,1.0,8.512744172717303,1.0
5.642400595054322,1.0,8.089948233292276,1.0
5.763671280538532,1.0,8.487803035128147,1.0
5.017252539494905,1.0,8.445473199642237,1.0
5.820099664769324,1.0,8.663916241532766,1.0
5.778750940198681,1.0,8.647172727392862,1.0
5.720876209965156,1.0,8.074329288813548,1.0
5.369302818409251,1.0,8.3510440714925,1.0
5.450333511632286,1.0,8.895867467057656,1.0
5.718821704136053,1.0,8.393205507034795,1.0
5.9214553526729095,1.0,8.228036374235975,1.0
5.48653033666845,1.0,8.012896649621101,1.0
5.321299453605461,1.0,8.531944561010304,1.0
5.56196897976381,1.0,8.407905667570727,1.0
5.272246730435374,1.0,8.409330570917701,1.0
5.588180994330171,1.0,8.318202519560913,1.0
5.7885940484385925,1.0,8.414322473687744,1.0
5.8219411820654985,1.0,8.579414688711005,1.0
5.172040730302656,1.0,8.618387504651869,1.0
5.48458408552862,1.0,8.315016321389253,1.0
5.8524946777452485,1.0,8.52142359679557,1.0
5.4501349020978225,1.0,8.696645734036585,1.0
5.88866555247333,1.0,8.045842494364939,1.0
5.393823893885472,1.0,8.690472527049643,1.0
5.113048467249345,1.0,8.507421627509077,1.0
5.826020267471608,1.0,8.591475743818693,1.0
5.267469341020837,1.0,8.772171126465786,1.0
5.946595622900286,1.0,8.573870022427403,1.0
5.758165184319069,1.0,8.756227294196512,1.0
5.238396121556149,1.0,8.81129529864155,1.0
5.703868482723652,1.0,8.27472929846858,1.0
5.614955582100693,1.0,8.762532910227575,1.0
5.848938938646803,1.0,8.220709572099429,1.0
5.065705770164052,1.0,8.191500678345655,1.0
5.05181557709774,1.0,8.574130121529352,1.0
5.557109386584345,1.0,8.44749669098415,1.0
5.569836267610787,1.0,8.869579325542816,1.0
5.59242447123153,1.0,8.026600931806037,1.0
5.635063328692818,1.0,8.371895257848085,1.0
5.505008038178869,1.0,8.389020020241055,1.0
5.171781717939685,1.0,8.7018826747776,1.0
5.8301889508351765,1.0,8.890765880176822,1.0
5.757588641225797,1.0,8.34845741841911,1.0
5.097806959923452,1.0,8.543765033556515,1.0
5.072860609806487,1.0,8.504780177321503,1.0
5.144865013017522,1.0,8.208323388449132,1.0
5.883745110169318,1.0,8.874200506469663,1.0
5.089773457541271,1.0,8.514182611116665,1.0
5.327886834323731,1.0,8.875538425485816,1.0
5.801410095300902,1.0,8.619372923839961,1.0
5.461073383320081,1.0,8.3864938791336,1.0
5.660790148036602,1.0,8.975610381970924,1.0
5.072883141780838,1.0,8.60287174836315,1.0
5.822054656605909,1.0,8.324447085525692,1.0
5.69678342664652,1.0,8.821123788919888,1.0
5.907133687411448,1.0,8.031288000253404,1.0
5.075323395728204,1.0,8.535560892582492,1.0
5.427180425276572,1.0,8.225277161797324,1.0
5.5458963920045115,1.0,8.275715802189698,1.0
5.570019812394457,1.0,8.673198057206182,1.0
5.358355136861505,1.0,8.23914816461535,1.0
5.460352226465308,1.0,8.500118640983874,1.0
5.087300733171301,1.0,8.27844929756849,1.0
5.448333407796451,1.0,8.704211498503962,1.0
5.88723828911112,1.0,8.210956778529074,1.0
5.1482186897294095,1.0,8.435307212193711,1.0
5.953721980832667,1.0,8.255430698748091,1.0
5.408500826863335,1.0,8.519400685088257,1.0
5.495798994625003,1.0,8.56662047843993,1.0
5.753159723568599,1.0,8.007216505843164,1.0
5.568547656430169,1.0,8.755848393471263,1.0
5.230964871184708,1.0,8.950578287253055,1.0
5.39091172950985,1.0,8.061580466768064,1.0
5.857674883961701,1.0,8.618252576215022,1.0
5.116661285019675,1.0,8.605811138764937,1.0
5.421118525141017,1.0,8.489821466101724,1.0
5.109427824854979,1.0,8.101296002270146,1.0
5.902686397086098,1.0,8.781139172207897,1.0
5.2402305774418565,1.0,8.970618861427795,1.0
5.148006506546309,1.0,8.672877644602835,1.0
5.418546299460969,1.0,8.910603333065465,1.0
5.410975206922033,1.0,8.592059021626598,1.0
5.57286339934175,1.0,8.591036186733605,1.0
5.171245246038812,1.0,8.133655783475724,1.0
5.46023639754924,1.0,8.911248005469982,1.0
5.458401494011817,1.0,8.333652726730874,1.0
5.358315078239318,1.0,8.729406640304408,1.0
5.939494308287934,1.0,8.793626799136009,1.0
5.444122478425307,1.0,8.369275168531471,1.0
5.252432745899257,1.0,8.870359309693091,1.0
5.044989444010097,1.0,8.954362233019081,1.0
5.277843318210794,1.0,8.244356137454314,1.0
5.707996343679798,1.0,8.783250579475302,1.0
5.8344363655333185,1.0,8.29576208305236,1.0
5.523566551818909,1.0,8.813859874271145,1.0
5.1503025247520995,1.0,8.220141323633797,1.0
5.317559116168928,1.0,8.578434089094126,1.0
5.4210520980773875,1.0,8.486510855279555,1.0
5.21992023115574,1.0,8.008610369740378,1.0
5.594401567730315,1.0,8.813206726752599,1.0
5.604440098521672,1.0,8.55291659838851,1.0
5.554197090088302,1.0,8.766384711635645,1.0
5.628046650165374,1.0,8.140273638457286,1.0
5.711181851023058,1.0,8.87290955315147,1.0
5.685251740460061,1.0,8.106903460057778,1.0
5.143962042552015,1.0,8.690084502479298,1.0
5.4557450596249595,1.0,8.347582338786662,1.0
5.742469398532518,1.0,8.65281493242674,1.0
5.881603295901964,1.0,8.169120237987892,1.0
5.395679850497007,1.0,8.854175310291948,1.0
5.697625511942292,1.0,8.015718450344886,1.0
5.171982461874527,1.0,8.53727715626362,1.0
5.303148336110569,1.0,8.301502512641033,1.0
5.859784269430245,1.0,8.719621093959493,1.0
5.914930501777606,1.0,8.52887837987584,1.0
5.641643142419875,1.0,8.181128143820054,1.0
5.919941827384977,1.0,8.630177520282581,1.0
5.788096374744168,1.0,8.568551779666455,1.0
5.665103898013814,1.0,8.537943664404256,1.0
5.097216116513859,1.0,8.379810480196406,1.0
5.971775708530293,1.0,8.816594396243206,1.0
5.059197035244879,1.0,8.287850107292732,1.0
5.782174651283341,1.0,8.617919629246686,1.0
5.383038348615845,1.0,8.37643595637705,1.0
5.906408018389764,1.0,8.628055888024079,1.0
5.992481149246997,1.0,8.653680291400457,1.0
5.580162514600394,1.0,8.657225390856743,1.0
5.322067530389747,1.0,8.106426519840207,1.0
5.0221306669478905,1.0,8.327536027789487,1.0
5.922479296132027,1.0,8.852202677831173,1.0
5.508851558012619,1.0,8.108917406603977,1.0
5.270984665768298,1.0,8.298846267610207,1.0
5.055115302633989,1.0,8.789955651613559,1.0
5.798227062808429,1.0,8.980726723415714,1.0
5.9216591949540955,1.0,8.246912760256533,1.0
5.100705412209578,1.0,8.715958699510413,1.0
5.023648089092636,1.0,8.035375287789698,1.0
5.778848916647781,1.0,8.568731713979494,1.0
5.815542618604133,1.0,8.521552242556352,1.0
5.176792779779348,1.0,8.147418407187878,1.0
5.7413071206812,1.0,8.240060159429257,1.0
5.825179475428241,1.0,8.3168572863151,1.0
5.056399487879275,1.0,8.628410653078152,1.0
5.090100025820517,1.0,8.509738383092992,1.0
5.507045109271037,1.0,8.90728023319144,1.0
5.055955308464908,1.0,8.665459886192396,1.0
5.013708340279443,1.0,8.105777506386401,1.0
5.454704056519189,1.0,8.110951493594163,1.0
5.37815374079315,1.0,8.224390307079576,1.0
5.276937875591681,1.0,8.561393617291715,1.0
5.43507806969621,1.0,8.055805738764104,1.0
5.041807061862375,1.0,8.773393889121717,1.0
5.581214178842892,1.0,8.04791791368615,1.0
5.041468572328439,1.0,8.404539022937225,1.0
5.274102567078402,1.0,8.741790304633668,1.0
5.037291860983227,1.0,8.835768906295232,1.0
5.271722719994637,1.0,8.209395259100349,1.0
5.007699254435212,1.0,8.842783166155336,1.0
5.461647280806927,1.0,8.996639555726027,1.0
5.924423320922739,1.0,8.102695304529224,1.0
5.1244900798159065,1.0,8.147421356907461,1.0
5.542536393145645,1.0,8.139973528946333,1.0
5.650223409441347,1.0,8.742113824583132,1.0
5.990863607249013,1.0,8.85417004704146,1.0
5.344241045700828,1.0,8.752285610753638,1.0
5.139264482592681,1.0,8.715177637432335,1.0
5.833821599773496,1.0,8.551021082755382,1.0
5.298719415401259,1.0,8.61806127983771,1.0
5.690191109243248,1.0,8.5654619707652,1.0
5.640636814347179,1.0,8.43338676929142,1.0
5.449727730198465,1.0,8.757828082021348,1.0
5.034139620058008,1.0,8.117772181854194,1.0
5.794227284030558,1.0,8.048851704565825,1.0
5.775138343294686,1.0,8.28166416307869,1.0
5.7294307858903455,1.0,8.705790776542859,1.0
5.331360770896301,1.0,8.074310309955663,1.0
5.97345605454473,1.0,8.745616253185666,1.0
5.347191684752616,1.0,8.914650670938832,1.0
5.3098635762477775,1.0,8.850098188073082,1.0
5.332525864964808,1.0,8.994549053266327,1.0
5.162100401141574,1.0,8.44796596769919,1.0
5.004761547257458,1.0,8.293088891066706,1.0
5.321757664951373,1.0,8.255271062483228,1.0
5.984502583135279,1.0,8.02257158421501,1.0
5.46910747275782,1.0,8.25014889499659,1.0
5.83816010747091,1.0,8.211721746461771,1.0
5.309195840259455,1.0,8.773084870537632,1.0
5.275261125268429,1.0,8.39471531320799,1.0
5.165273505066606,1.0,8.657628528909594,1.0
5.96640026412078,1.0,8.11962079782985,1.0
5.367135560618238,1.0,8.080103637739791,1.0
5.594583919123834,1.0,8.472887088721816,1.0
5.190531632301184,1.0,8.597578924315613,1.0
5.499723154201172,1.0,8.862003279819204,1.0
5.354862211492935,1.0,8.415479688658841,1.0
5.4451719452055585,1.0,8.884525413056846,1.0
5.23336114548409,1.0,8.732945796528005,1.0
5.506369108219961,1.0,8.720324619292844,1.0
5.659485798045197,1.0,8.366337793493207,1.0
5.115726924897864,1.0,8.170916139949345,1.0
5.732664073302721,1.0,8.011168464984056,1.0
5.915437756031885,1.0,8.81500395996822,1.0
5.970448669759908,1.0,8.296080376761207,1.0
5.059837211378068,1.0,8.21820118884095,1.0
5.217285842108611,1.0,8.546623536693923,1.0
5.574404343557172,1.0,8.238606522178575,1.0
5.305179320724164,1.0,8.33645123461035,1.0
5.909196851445965,1.0,8.936384366869898,1.0
5.8688582423097255,1.0,8.181582365199574,1.0
5.154593282840994,1.0,8.753062240978652,1.0
5.802530499319267,1.0,8.97497046997586,1.0
5.062910183308686,1.0,8.865503348032426,1.0
5.004411815257756,1.0,8.41709156014927,1.0
5.608657200388341,1.0,8.939405463433738,1.0
5.975607891416178,1.0,8.673183992908278,1.0
5.232224182258023,1.0,8.64482833802919,1.0
5.868835949633215,1.0,8.261410718597174,1.0
5.5956829928575855,1.0,8.929702696009286,1.0
5.863496274329556,1.0,8.979196470178872,1.0
5.094797186221129,1.0,8.155164298072542,1.0
5.81194815115134,1.0,8.281820989698526,1.0
5.849721434433589,1.0,8.870618835281718,1.0
5.2265723571697515,1.0,8.211154628131903,1.0
5.7107375448392315,1.0,8.627385767422785,1.0
5.306304477865056,1.0,8.043080414207463,1.0
5.883549762368999,1.0,8.880110518217716,1.0
5.986399370277028,1.0,8.828313722219809,1.0
5.379842302974087,1.0,8.730460125285001,1.0
5.6818966592160045,1.0,8.727576048422206,1.0
5.425489968815071,1.0,8.60398254139028,1.0
5.190261644552677,1.0,8.115858978028081,1.0
5.447951843442532,1.0,8.169742056497135,1.0
5.591450286593379,1.0,8.314865958595602,1.0
5.6396051239971285,1.0,8.496168300743573,1.0
5.921475435790403,1.0,8.524132992929546,1.0
5.797556686588137,1.0,8.180218900074282,1.0
5.5321841128558,1.0,8.941894283466945,1.0
5.267040250643789,1.0,8.358989891680631,1.0
5.771545019347259,1.0,8.990363469600092,1.0
5.293742414825289,1.0,8.933436425148372,1.0
5.536234952957314,1.0,8.680177523254612,1.0
5.626641944475892,1.0,8.197393976684383,1.0
5.4120181291666585,1.0,8.269841710650942,1.0
5.496594599489384,1.0,8.73893668341627,1.0
5.297496838355231,1.0,8.020184028236086,1.0
5.197236217734719,1.0,8.561368636219258,1.0
5.461159916990755,1.0,8.249115172992648,1.0
5.55508155088805,1.0,8.848404823470565,1.0
5.136896967037562,1.0,8.760044701881707,1.0
5.278119984112091,1.0,8.142821949569568,1.0
5.3567003966552855,1.0,8.213769431070077,1.0
5.307267361253276,1.0,8.224542312999565,1.0
5.5902472981724225,1.0,8.856254473550841,1.0
5.280328077602998,1.0,8.651056177262907,1.0
5.227177881905804,1.0,8.925466552352578,1.0
5.282628925344665,1.0,8.594596495578612,1.0
5.214359008804014,1.0,8.089339145985205,1.0
5.776111708510879,1.0,8.6745995669847,1.0
5.94949248698749,1.0,8.49513018654103,1.0
5.034976194046918,1.0,8.414020394904417,1.0
5.436734851842546,1.0,8.115356834198264,1.0
5.105645654407263,1.0,8.386963005956142,1.0
5.313426203064432,1.0,8.230571651205384,1.0
5.338793194392308,1.0,8.519522147873793,1.0
5.333940001959087,1.0,8.022113637646848,1.0
5.168250577249249,1.0,8.87526072629479,1.0
5.142859888752304,1.0,8.337876439783175,1.0
5.945965763185117,1.0,8.640914360730044,1.0
5.676040909268574,1.0,8.94428469839781,1.0
5.119039382975108,1.0,8.989047104236379,1.0
5.474903251595952,1.0,8.870107203639272,1.0
5.939638379763198,1.0,8.840990360174048,1.0
5.089414686993995,1.0,8.925419092368044,1.0
5.598299173735437,1.0,8.635570073592914,1.0
5.64340300875208,1.0,8.676913930209663,1.0
5.302062091938113,1.0,8.240193201550346,1.0
5.7403760341567045,1.0,8.020820733929373,1.0
5.983397520601193,1.0,8.853691866579403,1.0
5.243636412330715,1.0,8.027617191171679,1.0
5.526968644880689,1.0,8.400318871334402,1.0
5.6992670634880005,1.0,8.075556851746525,1.0
5.824909998280104,1.0,8.91306504289548,1.0
5.538370376714415,1.0,8.253237072618557,1.0
5.938417877461484,1.0,8.592941027989609,1.0
5.442656027689505,1.0,8.580271400397063,1.0
5.8035662149779,1.0,8.522017911654538,1.0
5.95655950276943,1.0,8.868353319266477,1.0
5.196211271305761,1.0,8.62437877366825,1.0
5.768406939556156,1.0,8.325581095627062,1.0
5.156516397349664,1.0,8.867460462507328,1.0
5.279940406271104,1.0,8.427416733928291,1.0
5.6548113164114495,1.0,8.915818735899025,1.0
5.257530945680491,1.0,8.081571241699203,1.0
5.950958292833698,1.0,8.289420736389118,1.0
5.884211879975152,1.0,8.165602182377445,1.0
5.560752243567665,1.0,8.539976197429212,1.0
5.820656188096351,1.0,8.878883617972331,1.0
5.4074194441623895,1.0,8.089652802657891,1.0
5.655983150721933,1.0,8.056622527952335,1.0
5.534753148593476,1.0,8.367864117167448,1.0
5.904646694149034,1.0,8.68856408171948,1.0
5.630004792946245,1.0,8.923768920778251,1.0
5.29614797757945,1.0,8.527230916130902,1.0
5.595122606887224,1.0,8.188710269486085,1.0
5.975039897299662,1.0,8.789164016310423,1.0
5.5417079053243175,1.0,8.67919072747727,1.0
5.68892799246784,1.0,8.882234813394271,1.0
5.697736228790836,1.0,8.989208360858491,1.0
5.507909495013605,1.0,8.478862947923755,1.0
5.90465908817779,1.0,8.69548538697044,1.0
5.668743323974103,1.0,8.115942884667476,1.0
5.239093481704819,1.0,8.711776301969081,1.0
5.237004053429527,1.0,8.00877909410805,1.0
5.020948640950326,1.0,8.432672669026475,1.0
5.79805692581173,1.0,8.940717745657674,1.0
5.969694332281069,1.0,8.692222339397881,1.0
5.116864992944681,1.0,8.855254734521152,1.0
5.834163394154519,1.0,8.623484352551024,1.0
5.769946919012609,1.0,8.81933512322311,1.0
5.471360901963116,1.0,8.618440665897793,1.0
5.446137304784461,1.0,8.590905435100648,1.0
5.846024275552967,1.0,8.498749675241836,1.0
5.441333215479372,1.0,8.198583036681226,1.0
5.249119351620352,1.0,8.232490046626774,1.0
5.3565973705163055,1.0,8.728587803096348,1.0
5.148780391822412,1.0,8.615675321025714,1.0
5.985801982463767,1.0,8.200795129113434,1.0
5.330196544085556,1.0,8.176091283700751,1.0
5.673125936027804,1.0,8.942820718491596,1.0
5.834792552154013,1.0,8.892399486080304,1.0
5.021138727356097,1.0,8.863825194721416,1.0
5.17620081247051,1.0,8.83585531090738,1.0
5.2572648949562275,1.0,8.07423647945259,1.0
5.880891529676507,1.0,8.449291812751877,1.0
5.267733855279947,1.0,8.092801601568851,1.0
5.2763657225578235,1.0,8.832615222803264,1.0
5.066098461443048,1.0,8.205912805291486,1.0
5.486496599864808,1.0,8.820746438257379,1.0
5.940308406548531,1.0,8.856334146178487,1.0
5.666074852646659,1.0,8.349056378856943,1.0
5.856973681847015,1.0,8.761475761387306,1.0
5.810653359709327,1.0,8.22736521134365,1.0
5.616969516940609,1.0,8.961854901694018,1.0
5.898932534923999,1.0,8.792203529780984,1.0
5.998831289514389,1.0,8.4945585892175,1.0
5.563715671144987,1.0,8.915687097340733,1.0
5.326120661747291,1.0,8.438888527856452,1.0
5.067863820983838,1.0,8.977400729439367,1.0
5.627000687034844,1.0,8.89147036217111,1.0
5.645154545746202,1.0,8.142769049803457,1.0
5.75581075246126,1.0,8.988109612801921,1.0
5.966043514251724,1.0,8.55354732529673,1.0
5.4198073015042,1.0,8.83895919621352,1.0
5.96546531194271,1.0,8.690793917735645,1.0
5.2070850967965345,1.0,8.966759398649181,1.0
5.913977016436614,1.0,8.52473777483398,1.0
5.644537904131739,1.0,8.43559260005553,1.0
5.239100472636698,1.0,8.728247133168635,1.0
5.0851232153889825,1.0,8.029378646305034,1.0
5.836334799885248,1.0,8.803863397093792,1.0
5.101408457631807,1.0,8.433021459300834,1.0
5.882296890206469,1.0,8.101487558679045,1.0
5.150833455425458,1.0,8.220648785662634,1.0
5.642705098744075,1.0,8.201647504564322,1.0
5.680254988797626,1.0,8.530930431887665,1.0
5.064890366835395,1.0,8.813262261264457,1.0
5.650693957571788,1.0,8.901358771793525,1.0
5.586237801021571,1.0,8.164475857823868,1.0
5.339195270086088,1.0,8.742460562401222,1.0
5.593712402422555,1.0,8.300734297593678,1.0
5.43004923875136,1.0,8.08616791528006,1.0
5.813423510636334,1.0,8.345784799486095,1.0
5.025058344678964,1.0,8.259502776010802,1.0
5.600579138852883,1.0,8.791075527902223,1.0
5.332262655258601,1.0,8.811039777274596,1.0
5.446030296161274,1.0,8.98279577433062,1.0
5.301525792677723,1.0,8.512549532094281,1.0
5.401381878452907,1.0,8.893755775683987,1.0
5.452629541542513,1.0,8.977462454332166,1.0
5.492653464421033,1.0,8.78589308365654,1.0
5.740093969516682,1.0,8.495867669494,1.0
5.241845623281839,1.0,8.332818248059619,1.0
5.988050453832967,1.0,8.499381079706241,1.0
5.474785649546843,1.0,8.353832268350851,1.0
5.224705056656005,1.0,8.5173118858361,1.0
5.340830940224686,1.0,8.13955879098246,1.0
5.893179455347886,1.0,8.02909262727443,1.0
5.652289380542251,1.0,8.0884802629218,1.0
5.3906132932125255,1.0,8.952417231139474,1.0
5.5036385374850445,1.0,8.99766504806523,1.0
5.540448975799913,1.0,8.921480956994811,1.0
5.739570395605064,1.0,8.157037775961534,1.0
5.749648258328854,1.0,8.870103296460178,1.0
5.562510395808809,1.0,8.33459322010204,1.0
5.214065644652,1.0,8.475537916794957,1.0
5.159433436714894,1.0,8.514588076291577,1.0
5.0807983316432805,1.0,8.341171525894893,1.0
5.135882482618529,1.0,8.304676964263008,1.0
5.526864447359255,1.0,8.543834861297269,1.0
5.175732861055973,1.0,8.153830453952637,1.0
5.138576365283,1.0,8.068553552443046,1.0
5.938116808900535,1.0,8.986528929401635,1.0
5.1533538687092735,1.0,8.555796230047367,1.0
5.812196327347408,1.0,8.02548403303678,1.0
5.816378537896224,1.0,8.259427937869905,1.0
5.792212212316288,1.0,8.940044533553252,1.0
5.037724749668324,1.0,8.922443323551747,1.0
5.060009421088127,1.0,8.174776532274468,1.0
5.395228328617011,1.0,8.657960511931122,1.0
5.519320037465316,1.0,8.833604986555244,1.0
5.535061478184434,1.0,8.211027801229493,1.0
5.992270802758166,1.0,8.305554806531504,1.0
5.904598440063762,1.0,8.131791461032048,1.0
5.2913241484438664,1.0,8.232610537916381,1.0
5.803362534995462,1.0,8.042500824542143,1.0
5.733448032520835,1.0,8.63301537595222,1.0
5.557245219252333,1.0,8.107437773789343,1.0
5.23917335292798,1.0,8.672863893007698,1.0
5.508998715336784,1.0,8.483393985511963,1.0
5.784365365530328,1.0,8.336078461219781,1.0
5.120673255082706,1.0,8.904958679972667,1.0
5.852178599567514,1.0,8.653662203656056,1.0
5.058101984038821,1.0,8.17652589988725,1.0
5.6150423739304,1.0,8.488179325191856,1.0
5.1744062704468625,1.0,8.641666353209486,1.0
5.702307076282749,1.0,8.985696175883325,1.0
5.855886834969442,1.0,8.872860725914583,1.0
5.8155643293023385,1.0,8.827486033898534,1.0
5.74638588800613,1.0,8.756490845242286,1.0
5.304631605987008,1.0,8.844869412099431,1.0
5.563032079656943,1.0,8.228429248345737,1.0
5.147670377572788,1.0,8.152884917349867,1.0
5.024105730063187,1.0,8.632669055084971,1.0
5.955059231967671,1.0,8.216365135087617,1.0
5.229964206345587,1.0,8.503639048251403,1.0
5.560143226959295,1.0,8.080799430809884,1.0
5.881206254649852,1.0,8.075789180385012,1.0
5.368598558010396,1.0,8.400588605091171,1.0
5.620901652464893,1.0,8.681352846701284,1.0
5.61030613370908,1.0,8.15298798776487,1.0
5.62811724829164,1.0,8.718763765327878,1.0
5.497838510635353,1.0,8.435070085578642,1.0
5.40293251590836,1.0,8.186192330998507,1.0
5.758296024959385,1.0,8.885618614419291,1.0
5.980235826492853,1.0,8.00015477728176,1.0
5.916893458377295,1.0,8.82448890939107,1.0
5.747718718493869,1.0,8.241363976141008,1.0
5.997164398483493,1.0,8.546415756045661,1.0
5.47778883857167,1.0,8.266383086174583,1.0
5.155382899018657,1.0,8.069504321379187,1.0
5.1291851890494415,1.0,8.742200660835424,1.0
5.634128926255255,1.0,8.378066848124856,1.0
5.497190503621894,1.0,8.825330522803402,1.0
5.293138723657526,1.0,8.624522050005625,1.0
5.875577791576766,1.0,8.040551452733483,1.0
5.27457344211608,1.0,8.156855172833408,1.0
5.3675951662587185,1.0,8.296728580627356,1.0
5.421305965680637,1.0,8.55107889972505,1.0
5.975740039858041,1.0,8.798629907092835,1.0
5.269765066827542,1.0,8.928559093311371,1.0
5.432428500394097,1.0,8.582438131217081,1.0
5.745626718064404,1.0,8.87073834943367,1.0
5.514449614331985,1.0,8.920550730505596,1.0
5.259901377611879,1.0,8.63975085700145,1.0
5.444639970004804,1.0,8.957585654979205,1.0
5.805338675134667,1.0,8.797732201277483,1.0
5.705828328957521,1.0,8.669278553767807,1.0
5.799504441240405,1.0,8.072321854903542,1.0
5.584604149320398,1.0,8.429857597828274,1.0
5.1940888532414355,1.0,8.029001391160374,1.0
5.049520659022286,1.0,8.267565161540006,1.0
5.959570350797483,1.0,8.718708182661528,1.0
5.966056538000799,1.0,8.318058930541877,1.0
5.008227417008824,1.0,8.81572419449608,1.0
5.589807112378831,1.0,8.309776402302408,1.0
5.155735221098217,1.0,8.4244971537284,1.0
5.204384487562369,1.0,8.170406529402493,1.0
5.424094624733394,1.0,8.781851801298112,1.0
5.038142477345835,1.0,8.586992013994701,1.0
5.235268339764694,1.0,8.193526543836027,1.0
5.826216017753352,1.0,8.109875949376942,1.0
5.750266420114869,1.0,8.146038916455819,1.0
5.476924883378118,1.0,8.761104842235579,1.0
5.078552983546086,1.0,8.397920034617782,1.0
5.073390427297364,1.0,8.46634916877314,1.0
5.815051592151998,1.0,8.259728967817848,1.0
5.43540060776607,1.0,8.136614761255032,1.0
5.9806624202980325,1.0,8.266727180627461,1.0
5.377559523602667,1.0,8.637623934617917,1.0
5.985086396698885,1.0,8.00819849081241,1.0
5.8475995526059386,1.0,8.689463278475708,1.0
5.743613842538214,1.0,8.362785777471515,1.0
5.798429990077593,1.0,8.055575535890863,1.0
5.947898707495141,1.0,8.218654445581803,1.0
5.423991663619997,1.0,8.264974700537513,1.0
5.224330535556051,1.0,8.598299156566718,1.0
5.1576081195701855,1.0,8.015634430475131,1.0
5.999829780976349,1.0,8.584225866618446,1.0
5.882863754250515,1.0,8.307410415092646,1.0
5.364260385144531,1.0,8.523415940862593,1.0
5.8115566169073265,1.0,8.989155549263602,1.0
5.553053726320051,1.0,8.494833421475873,1.0
5.898915686359149,1.0,8.865209344042405,1.0
5.95821433705095,1.0,8.340008677515184,1.0
5.65355437484499,1.0,8.246615732211424,1.0
5.090234807773827,1.0,8.268623486148329,1.0
5.718067430918892,1.0,8.754414508221148,1.0
5.021254925081507,1.0,8.094531408719867,1.0
5.22548689847323,1.0,8.328799558778629,1.0
5.813956084209011,1.0,8.104070208128814,1.0
5.535962029545797,1.0,8.466679459278705,1.0
5.247611420555236,1.0,8.939288225821715,1.0
5.05029531927916,1.0,8.829970969409231,1.0
5.799368053934827,1.0,8.408573578373119,1.0
5.335972485906356,1.0,8.435235027095203,1.0
5.986620448968191,1.0,8.294575879900751,1.0
5.173590954908663,1.0,8.508826965642085,1.0
5.152552691203696,1.0,8.4844381545603,1.0
5.23433072951806,1.0,8.08831716305119,1.0
5.9580229847678385,1.0,8.603440729989332,1.0
5.11273926762929,1.0,8.821519599211088,1.0
5.38730262564822,1.0,8.325362355371785,1.0
5.33662395629402,1.0,8.071891080570529,1.0
5.232016003101756,1.0,8.164338228347988,1.0
5.938822824584851,1.0,8.393219776677062,1.0
5.991059263074528,1.0,8.167767080993572,1.0
5.965694917638195,1.0,8.598686431435635,1.0
5.124650001306641,1.0,8.617058878716044,1.0
5.485928012897816,1.0,8.0010526427271,1.0
5.828018419204625,1.0,8.086229241910972,1.0
5.539656210939345,1.0,8.83968047952319,1.0
5.562621715348394,1.0,8.238865375905961,1.0
5.448523647690952,1.0,8.675362367371704,1.0
5.087263840737168,1.0,8.767079342983044,1.0
5.74540731677346,1.0,8.54994892334566,1.0
5.328483867640731,1.0,8.972552259940242,1.0
5.12856787247515,1.0,8.796028721741653,1.0
5.217034938950328,1.0,8.389756183614432,1.0
5.3845274399220635,1.0,8.271752095739117,1.0
5.954601874108883,1.0,8.860065391458058,1.0
5.131088174402354,1.0,8.424027361379778,1.0
5.226263084713591,1.0,8.939823030540746,1.0
5.906906734193944,1.0,8.516705306839274,1.0
5.648613188042841,1.0,8.399202380842533,1.0
5.357571117434156,1.0,8.222409528703599,1.0
5.934714368253705,1.0,8.921132101347215,1.0
5.0477814196489215,1.0,8.453664162457347,1.0
5.360894784495628,1.0,8.841533084216946,1.0
5.476891352411047,1.0,8.51703956723079,1.0
5.916156752520744,1.0,8.580554040826202,1.0
5.26696933750358,1.0,8.738622072258005,1.0
5.888943856190203,1.0,8.564812689185732,1.0
5.709782292999267,1.0,8.382802150156223,1.0
5.137964474596721,1.0,8.755118864105436,1.0
5.233745544727013,1.0,8.55537922482029,1.0
5.300689744760381,1.0,8.955677432442606,1.0
5.960621593860161,1.0,8.702773297969923,1.0
5.321125821924753,1.0,8.329356935342176,1.0
5.067579870029315,1.0,8.878206758649636,1.0
5.109182512199375,1.0,8.675962432655849,1.0
5.419898526156855,1.0,8.099966443616637,1.0
5.7345061070382535,1.0,8.459039015073085,1.0
5.1199680144586734,1.0,8.803398117077581,1.0
5.8656646716604826,1.0,8.826104701103127,1.0
5.731613945166346,1.0,8.289843177010843,1.0
5.46172115442301,1.0,8.682712534548394,1.0
5.9996954182239755,1.0,8.835551444333793,1.0
5.90466176157142,1.0,8.631058812354958,1.0
5.609452776343117,1.0,8.068381544187602,1.0
5.095318740195733,1.0,8.131492277770496,1.0
5.522119174383165,1.0,8.85940834426215,1.0
5.538657887447175,1.0,8.794981222667698,1.0
5.87122124118208,1.0,8.449835212920187,1.0
5.665974834345507,1.0,8.557101356478688,1.0
5.781434482079743,1.0,8.540417818995952,1.0
5.528946130411747,1.0,8.550490915052082,1.0
5.030800382823956,1.0,8.106354129795351,1.0
5.585519975163966,1.0,8.953190099452554,1.0
5.284389542525181,1.0,8.803907664455675,1.0
5.933303655697392,1.0,8.475723053575445,1.0
5.768507965749771,1.0,8.444005410176127,1.0
5.378688106216742,1.0,8.97466460505396,1.0
5.0471823629844454,1.0,8.325552171978467,1.0
5.602837829194475,1.0,8.365811324695134,1.0
5.858389459346134,1.0,8.665339475494205,1.0
5.639745029602599,1.0,8.187121051162704,1.0
5.495748137151674,1.0,8.474221968933547,1.0
5.720576468244107,1.0,8.414480418249239,1.0
5.491221658999459,1.0,8.885886618680486,1.0
5.347255324887602,1.0,8.339108152096415,1.0
5.989475922810982,1.0,8.935376964079444,1.0
5.57436372072709,1.0,8.141915175376035,1.0
5.194488834168095,1.0,8.339698455272025,1.0
5.156869970600232,1.0,8.925385346821551,1.0
5.327326837449488,1.0,8.365265590289889,1.0
5.2218451371340935,1.0,8.590527472952425,1.0
5.103455356585917,1.0,8.780427584124867,1.0
5.075045813055668,1.0,8.046002821667036,1.0
5.154159360589315,1.0,8.539165389229767,1.0
5.2204757002761415,1.0,8.127970156423581,1.0
5.015059529601272,1.0,8.91863968774782,1.0
5.3590481404281585,1.0,8.961883872579476,1.0
5.435161857240044,1.0,8.470619602695388,1.0
5.642898709867577,1.0,8.577119623631225,1.0
5.756702442258695,1.0,8.065542200303526,1.0
5.228492646947597,1.0,8.898738189133129,1.0
5.890705307312583,1.0,8.326244047893827,1.0
5.981322496002666,1.0,8.4985944133226,1.0
5.553108746751261,1.0,8.476305724046384,1.0
5.387542411608761,1.0,8.440997669624885,1.0
5.740665091222056,1.0,8.740465211842306,1.0
5.607720290498194,1.0,8.021668083591898,1.0
5.283150050520486,1.0,8.692804305965979,1.0
5.647951201411936,1.0,8.322452206584598,1.0
5.263627699909965,1.0,8.730880733599761,1.0
5.198743143763375,1.0,8.804609949234134,1.0
5.992534089340577,1.0,8.726932021988947,1.0
5.106397886474018,1.0,8.457718941785036,1.0
5.14196900964698,1.0,8.480712069211759,1.0
5.817229429760482,1.0,8.931555581312253,1.0
5.648377012937013,1.0,8.366063888125236,1.0
5.230053441173876,1.0,8.995965921911699,1.0
5.747951955052425,1.0,8.491836389302456,1.0
5.1719310369289255,1.0,8.210831983513579,1.0
5.407428583887729,1.0,8.17222787281029,1.0
5.12381457439329,1.0,8.104207882301885,1.0
5.523964155868149,1.0,8.594858798153806,1.0
5.654125605309788,1.0,8.144904853755316,1.0
5.122395799819408,1.0,8.277944448937872,1.0
5.105975613704672,1.0,8.943763235661926,1.0
5.795122320428462,1.0,8.55706601194819,1.0
5.249868330134812,1.0,8.457912057803545,1.0
5.899438035218773,1.0,8.83520625352763,1.0
5.1746270141884585,1.0,8.432967664243046,1.0
5.475296872490468,1.0,8.16921840037135,1.0
5.266323731835605,1.0,8.69585701434741,1.0
5.408330205018607,1.0,8.719933102941518,1.0
5.456687967052163,1.0,8.079529049223057,1.0
5.798907497581762,1.0,8.106727533387149,1.0
5.625966540507075,1.0,8.301045649856398,1.0
5.988580797489937,1.0,8.129340215598315,1.0
5.2588347173342385,1.0,8.896752340824603,1.0
5.969558407192465,1.0,8.893168472387474,1.0
5.778722674444473,1.0,8.395475353145073,1.0
5.680402115221858,1.0,8.245448505924251,1.0
5.182299645020886,1.0,8.179038614302396,1.0
5.3505165853295225,1.0,8.878818316133831,1.0
5.3177910096278564,1.0,8.641343235519223,1.0
5.662688714306505,1.0,8.265086256856891,1.0
5.3641264273744875,1.0,8.37497394067588,1.0
5.33622466086309,1.0,8.488705873234842,1.0
5.3904757567783905,1.0,8.457146642558106,1.0
5.03419403662813,1.0,8.748520325919547,1.0
5.5313925467537794,1.0,8.480457680444264,1.0
5.570520760661046,1.0,8.153567100002684,1.0
5.11891182096665,1.0,8.497567041957142,1.0
5.710582312477307,1.0,8.671205047632391,1.0
5.194493381881946,1.0,8.219139812674259,1.0
5.182926695836133,1.0,8.04072101067261,1.0
5.043886662026622,1.0,8.547595010564532,1.0
5.785275793692579,1.0,8.438526032581972,1.0
5.686622117602723,1.0,8.94727772935057,1.0
5.20747648613221,1.0,8.929928367915908,1.0
5.643223414922464,1.0,8.399194441340516,1.0
5.355802859187168,1.0,8.67678114098049,1.0
5.445004095658378,1.0,8.627373743157406,1.0
5.81365937294536,1.0,8.25300528843053,1.0
5.4639557015079285,1.0,8.141850827188732,1.0
5.050367925368901,1.0,8.08906001174704,1.0
5.264026709922932,1.0,8.608093514075742,1.0
5.321172421468224,1.0,8.446728534048418,1.0
5.344647493802053,1.0,8.84173981270479,1.0
5.071028690558798,1.0,8.409839874759829,1.0
5.534165941929603,1.0,8.51438902512727,1.0
5.812001927865844,1.0,8.597943449815528,1.0
5.973952290440149,1.0,8.697557711874712,1.0
5.112182520921794,1.0,8.31757936985222,1.0
5.163449733861039,1.0,8.069254580998377,1.0
5.585979235922788,1.0,8.130042799212255,1.0
5.299059089261802,1.0,8.81954766034045,1.0
5.7342442874984165,1.0,8.32578859010573,1.0
5.58273540477837,1.0,8.572150380243993,1.0
5.784944756057708,1.0,8.2589699974973,1.0
5.559376671763457,1.0,8.654276934116131,1.0
5.117799006362682,1.0,8.385948976110233,1.0
5.995351121902606,1.0,8.214949639739462,1.0
5.3447522639080285,1.0,8.468802899345475,1.0
5.000761073117783,1.0,8.05661835723627,1.0
5.0190998111536445,1.0,8.153814259850881,1.0
5.214432016157743,1.0,8.610036557127756,1.0
5.6616320467884655,1.0,8.405900774352252,1.0
5.552187554381241,1.0,8.795274604008092,1.0
5.076069390499621,1.0,8.680908784701984,1.0
5.928237638887905,1.0,8.047835897653693,1.0
5.974578090132108,1.0,8.405581237030008,1.0
5.113332732452326,1.0,8.039661664087449,1.0
5.626645668311961,1.0,8.934355531426066,1.0
5.785303728205953,1.0,8.9494867485606,1.0
5.10558325784818,1.0,8.674642962687356,1.0
5.499829040906242,1.0,8.321975223987677,1.0
5.324313790884114,1.0,8.609068173432826,1.0
5.341972537243386,1.0,8.131538845526737,1.0
5.3830319074995705,1.0,8.15912445936599,1.0
5.065668525008694,1.0,8.37175002990787,1.0
5.135072502620029,1.0,8.72562756076763,1.0
5.610989095641177,1.0,8.871510068059694,1.0
5.17140850984692,1.0,8.557789477768054,1.0
5.189355449215644,1.0,8.716984800392563,1.0
5.478895903722774,1.0,8.95316638260632,1.0
5.575774713454058,1.0,8.879067516744657,1.0
5.371546902911982,1.0,8.369680349094985,1.0
5.416602784969917,1.0,8.803595325191672,1.0
5.494492852237706,1.0,8.64782114815584,1.0
5.322950890883747,1.0,8.203735007781047,1.0
5.213217345887037,1.0,8.143949999517892,1.0
5.151313031473418,1.0,8.86868386441934,1.0
5.695304142195863,1.0,8.19529009957597,1.0
5.704103299139585,1.0,8.616544968665414,1.0
5.274702035868834,1.0,8.566188596661197,1.0
5.988022030715604,1.0,8.128032365254604,1.0
5.757773419763826,1.0,8.87601712321852,1.0
5.556113725352832,1.0,8.32792257639651,1.0
5.378696704588087,1.0,8.749088174234984,1.0
5.516354050650979,1.0,8.225397667743762,1.0
5.259804287071754,1.0,8.89703988439436,1.0
5.985938149289086,1.0,8.658282968503114,1.0
5.176153890264527,1.0,8.270804422125048,1.0
5.730894027916388,1.0,8.221603335719626,1.0
5.855091992800796,1.0,8.793748527170905,1.0
5.145635134860279,1.0,8.073790373363211,1.0
5.930402227075396,1.0,8.727681349918726,1.0
5.9412802590097575,1.0,8.969068091717237,1.0
5.089019205708512,1.0,8.288914993486461,1.0
5.323799376375091,1.0,8.549286077303707,1.0
5.836471734369866,1.0,8.462071978704891,1.0
5.9029377765665485,1.0,8.999268699257737,1.0
5.1293898680952275,1.0,8.253468362828748,1.0
5.85645488482143,1.0,8.497267004709478,1.0
5.616648928177482,1.0,8.815107578151462,1.0
5.849090613063687,1.0,8.575366495731817,1.0
5.596753911196022,1.0,8.413455164613874,1.0
5.730483666718455,1.0,8.118704661204415,1.0
5.730810833893895,1.0,8.185879349123402,1.0
5.510659853384796,1.0,8.521075109728612,1.0
5.600058060523571,1.0,8.84817072468002,1.0
5.4213166015015,1.0,8.537641881439814,1.0
5.147300718807207,1.0,8.260550330391954,1.0
5.1967687685143975,1.0,8.213378467516332,1.0
5.7965800585899165,1.0,8.587186860657985,1.0
5.602323851018489,1.0,8.667193089145588,1.0
5.125315153500546,1.0,8.47781684714694,1.0
5.11382705906067,1.0,8.584036073126876,1.0
5.100606054850782,1.0,8.243410669989592,1.0
5.733479311994847,1.0,8.011583706300799,1.0
5.440185567772335,1.0,8.540323150864849,1.0
5.66753234912502,1.0,8.245900211660652,1.0
5.211850269535821,1.0,8.196780852750617,1.0
5.258905634159582,1.0,8.6440954065503,1.0
5.755433403598967,1.0,8.23762556215364,1.0
5.210750917819555,1.0,8.84816076240434,1.0
5.416119442619695,1.0,8.879695909564584,1.0
5.623514021710836,1.0,8.641070252819906,1.0
5.818891557458983,1.0,8.156322708526488,1.0
5.103741097014607,1.0,8.882334369705672,1.0
5.971059461204141,1.0,8.583081597308686,1.0
5.297877506106863,1.0,8.804559146606149,1.0
5.969611056713749,1.0,8.09114953506752,1.0
5.111679998805015,1.0,8.69246058710352,1.0
5.717763006987641,1.0,8.924286705148862,1.0
5.906750910227182,1.0,8.9130670150038,1.0
5.489482491793467,1.0,8.075523151864799,1.0
5.110621752765045,1.0,8.380484731033404,1.0
5.662726096490927,1.0,8.144865178089903,1.0
5.6681137937666,1.0,8.079270479601105,1.0
5.793695239676328,1.0,8.03612705765845,1.0
5.433895350745281,1.0,8.445302194445027,1.0
5.922386239669926,1.0,8.264800554585182,1.0
5.503331295601253,1.0,8.791151450644561,1.0
5.96887510477373,1.0,8.332299961753373,1.0
5.975741876468781,1.0,8.958683130806934,1.0
5.677358948823341,1.0,8.921768254246023,1.0
5.953964154484096,1.0,8.94828623083614,1.0
5.917517059315482,1.0,8.633031714726485,1.0
5.159664189726423,1.0,8.269318880614982,1.0
5.545930306502562,1.0,8.08314006268615,1.0
5.718854780225029,1.0,8.38835556479734,1.0
5.450118476900917,1.0,8.761553453515202,1.0
5.364192720194678,1.0,8.307915684558987,1.0
5.030395586598778,1.0,8.681302159464327,1.0
5.359344343721314,1.0,8.33972392571452,1.0
5.733857741035041,1.0,8.96376518566669,1.0
5.181917387271249,1.0,8.169750066139457,1.0
5.503067649856465,1.0,8.363243660869797,1.0
5.143096550486119,1.0,8.151478535263317,1.0
5.453431414751956,1.0,8.431437355920455,1.0
5.880814510136164,1.0,8.880544868902712,1.0
5.586344387799281,1.0,8.025419729687012,1.0
5.149777493606571,1.0,8.7297558716902,1.0
5.401239348462639,1.0,8.360508985025165,1.0
5.741554383823662,1.0,8.871749646131976,1.0
5.948329331230033,1.0,8.421084065455778,1.0
5.71712245987561,1.0,8.624371898892166,1.0
5.1398576879984414,1.0,8.424261377512325,1.0
5.924001998062399,1.0,8.951017052028906,1.0
5.046739471319047,1.0,8.262416855784018,1.0
5.301433539175604,1.0,8.665243507194647,1.0
5.018280300138305,1.0,8.91609605171564,1.0
5.462937231636373,1.0,8.813187634496535,1.0
5.982596224777401,1.0,8.482849059617761,1.0
5.445932488008,1.0,8.134732002384878,1.0
5.848527974991457,1.0,8.542254237162556,1.0
5.103059440951012,1.0,8.573137309889647,1.0
5.825634345243617,1.0,8.627217830277171,1.0
5.2523457006468375,1.0,8.450639889897088,1.0
5.106428956460147,1.0,8.735462216614001,1.0
5.475576058916264,1.0,8.264296501398166,1.0
5.470593859970688,1.0,8.944913942132622,1.0
5.119162538875696,1.0,8.901251059603908,1.0
5.970347658242993,1.0,8.739206484661231,1.0
5.080813809910948,1.0,8.898495024575789,1.0
5.643448551993098,1.0,8.922750440970535,1.0
5.379790803396258,1.0,8.15425290131224,1.0
5.5992428646101065,1.0,8.001460629507228,1.0
5.799398237510841,1.0,8.383816188686675,1.0
5.764733829237736,1.0,8.228172934140634,1.0
5.773480050959242,1.0,8.469955215301496,1.0
5.555114578395182,1.0,8.54075759602609,1.0
5.517747652363498,1.0,8.46940896515021,1.0
5.930311317939136,1.0,8.602001892288863,1.0
5.804850255749375,1.0,8.08510889997408,1.0
5.897057413789311,1.0,8.8523364399463,1.0
5.47180848187157,1.0,8.743662550662473,1.0
5.289733272059567,1.0,8.845223515907175,1.0
5.501486166476585,1.0,8.829565608453782,1.0
5.1909810311260545,1.0,8.322121876027637,1.0
5.544880722553968,1.0,8.913860030059805,1.0
5.178459746427719,1.0,8.947596990173693,1.0
5.119228566924013,1.0,8.426531753024596,1.0
5.984922024191539,1.0,8.871306176538537,1.0
5.585455937954258,1.0,8.733543018054442,1.0
5.222080218269742,1.0,8.698539589791242,1.0
5.385521888662982,1.0,8.502805417333557,1.0
5.729966316275468,1.0,8.842064078566242,1.0
5.36210109889963,1.0,8.080613766841969,1.0
5.239112283699945,1.0,8.34147166503775,1.0
5.485114873019871,1.0,8.471499161109492,1.0
5.911113806284224,1.0,8.010593777957512,1.0
5.592203480163098,1.0,8.225900512655075,1.0
5.139383016006219,1.0,8.479649694305847,1.0
5.617899375435427,1.0,8.115394454478347,1.0
5.3015891409798135,1.0,8.025468725162238,1.0
5.499337077475838,1.0,8.793957368849407,1.0
5.074476664254893,1.0,8.055723975701387,1.0
5.868221136896575,1.0,8.101683373130648,1.0
5.019063527891174,1.0,8.8499272858503,1.0
5.604808294357431,1.0,8.12647649367,1.0
5.275053876766687,1.0,8.959615620783929,1.0
5.671730812452445,1.0,8.90444319424195,1.0
5.731358925293164,1.0,8.384415351015935,1.0
5.881008253010351,1.0,8.635829789561896,1.0
5.058084723695468,1.0,8.831548849534572,1.0
5.554290978988647,1.0,8.910383000987904,1.0
5.056400090739237,1.0,8.218100360715534,1.0
5.415656166638628,1.0,8.479918841723661,1.0
5.939282207260426,1.0,8.433945942967192,1.0
5.073433781668036,1.0,8.583234122364654,1.0
5.373391828020864,1.0,8.490374068388055,1.0
5.7192274102533585,1.0,8.274666586008792,1.0
5.007185490150232,1.0,8.210796764948846,1.0
5.440801650443552,1.0,8.004377267282193,1.0
5.86730551873072,1.0,8.009582939046739,1.0
5.780284745129748,1.0,8.171373599723172,1.0
5.601598834914338,1.0,8.634764908790617,1.0
5.255117066579715,1.0,8.67136097542338,1.0
5.013947442401599,1.0,8.22423221798468,1.0
5.089700068811242,1.0,8.772435641673491,1.0
5.561025627271258,1.0,8.807336545486635,1.0
5.431560871249475,1.0,8.70890244729677,1.0
5.554252910069481,1.0,8.787551295716087,1.0
5.557610264085446,1.0,8.534983211681308,1.0
5.412329908768808,1.0,8.441717233517842,1.0
5.861938864576682,1.0,8.216889346368712,1.0
5.660003051820362,1.0,8.848497409643823,1.0
5.929299359639324,1.0,8.479349233138159,1.0
5.949769751349357,1.0,8.198682246231934,1.0
5.366119363240714,1.0,8.596648788427434,1.0
5.845577765962704,1.0,8.199120686095949,1.0
5.8938495408131555,1.0,8.522606772422632,1.0
5.439149111497683,1.0,8.172919260781551,1.0
5.433845474844659,1.0,8.287612489472078,1.0
5.238316685758924,1.0,8.730748154267468,1.0
5.13662196638121,1.0,8.288403806484746,1.0
5.542346284450653,1.0,8.897037652187985,1.0
5.514117211606966,1.0,8.988557403607485,1.0
5.369796827255312,1.0,8.840175152505145,1.0
5.3954779364595895,1.0,8.872562541026525,1.0
5.5200033540507745,1.0,8.260955877790256,1.0
5.536121221506319,1.0,8.920249584887966,1.0
5.908494915176173,1.0,8.966549030044376,1.0
5.835232174107265,1.0,8.352225037522533,1.0
5.415611638856489,1.0,8.682996072021433,1.0
5.96021875216388,1.0,8.315995152867375,1.0
5.065159276228898,1.0,8.100467867923795,1.0
5.055205754215272,1.0,8.499313798470649,1.0
5.620494100337842,1.0,8.650496463116669,1.0
5.523152241824458,1.0,8.12049088674443,1.0
5.276519734503255,1.0,8.240206643385315,1.0
5.726713129476259,1.0,8.682426217397042,1.0
5.58792665395978,1.0,8.909382759244343,1.0
5.423917497145282,1.0,8.814978644814977,1.0
5.560561667195151,1.0,8.23004231553774,1.0
5.975657683402579,1.0,8.921351827048348,1.0
5.59994916507184,1.0,8.548641087066574,1.0
5.913086661716153,1.0,8.088022368529252,1.0
5.487622882388952,1.0,8.77320096953511,1.0
5.527834479849938,1.0,8.2449487683346,1.0
5.250737604833427,1.0,8.620290146231385,1.0
5.10676388945862,1.0,8.871631867356948,1.0
5.119554086959161,1.0,8.850385969812692,1.0
5.640420705056958,1.0,8.236447971114124,1.0
5.689172084157339,1.0,8.684396232900465,1.0
5.1679722353010495,1.0,8.648860053396328,1.0
5.759712672060753,1.0,8.740851977437988,1.0
5.832998570850819,1.0,8.104998531468752,1.0
5.27357028327437,1.0,8.7474681088946,1.0
5.534305124381685,1.0,8.411898454932317,1.0
5.3160473790003655,1.0,8.39233976119271,1.0
5.406318300934931,1.0,8.744317950742367,1.0
5.372433327123081,1.0,8.721842679123673,1.0
5.9123410373851435,1.0,8.557244668123078,1.0
5.59480950783515,1.0,8.278339026464725,1.0
5.375744255079513,1.0,8.474588684418556,1.0
5.65962137143826,1.0,8.450984749016692,1.0
5.433496260789955,1.0,8.24241516447877,1.0
5.50594524586115,1.0,8.531101153724595,1.0
5.0558885772279645,1.0,8.660571672109846,1.0
5.893661807733401,1.0,8.389969153910851,1.0
5.265823129506206,1.0,8.255862103434858,1.0
