treat,age,education,black,hispanic,married,nodegree,re74,re75,re78
0,1.0,37.0,11.0,1.0,0.0,1.0,1.0,0.0,0.0,9930.046
1,1.0,22.0,9.0,0.0,1.0,0.0,1.0,0.0,0.0,3595.894
2,1.0,30.0,12.0,1.0,0.0,0.0,0.0,0.0,0.0,24909.45
3,1.0,27.0,11.0,1.0,0.0,0.0,1.0,0.0,0.0,7506.146
4,1.0,33.0,8.0,1.0,0.0,0.0,1.0,0.0,0.0,289.7899
5,1.0,22.0,9.0,1.0,0.0,0.0,1.0,0.0,0.0,4056.494
6,1.0,23.0,12.0,1.0,0.0,0.0,0.0,0.0,0.0,0.0
7,1.0,32.0,11.0,1.0,0.0,0.0,1.0,0.0,0.0,8472.158
8,1.0,22.0,16.0,1.0,0.0,0.0,0.0,0.0,0.0,2164.022
9,1.0,33.0,12.0,0.0,0.0,1.0,0.0,0.0,0.0,12418.07
10,1.0,19.0,9.0,1.0,0.0,0.0,1.0,0.0,0.0,8173.908
11,1.0,21.0,13.0,1.0,0.0,0.0,0.0,0.0,0.0,17094.64
12,1.0,18.0,8.0,1.0,0.0,0.0,1.0,0.0,0.0,0.0
13,1.0,27.0,10.0,1.0,0.0,1.0,1.0,0.0,0.0,18739.93
14,1.0,17.0,7.0,1.0,0.0,0.0,1.0,0.0,0.0,3023.879
15,1.0,19.0,10.0,1.0,0.0,0.0,1.0,0.0,0.0,3228.503
16,1.0,27.0,13.0,1.0,0.0,0.0,0.0,0.0,0.0,14581.86
17,1.0,23.0,10.0,1.0,0.0,0.0,1.0,0.0,0.0,7693.4
18,1.0,40.0,12.0,1.0,0.0,0.0,0.0,0.0,0.0,10804.32
19,1.0,26.0,12.0,1.0,0.0,0.0,0.0,0.0,0.0,10747.35
20,1.0,23.0,11.0,1.0,0.0,0.0,1.0,0.0,0.0,0.0
21,1.0,41.0,14.0,0.0,0.0,0.0,0.0,0.0,0.0,5149.501
22,1.0,38.0,9.0,0.0,0.0,0.0,1.0,0.0,0.0,6408.95
23,1.0,24.0,11.0,1.0,0.0,0.0,1.0,0.0,0.0,1991.4
24,1.0,18.0,10.0,1.0,0.0,0.0,1.0,0.0,0.0,11163.17
25,1.0,29.0,11.0,1.0,0.0,1.0,1.0,0.0,0.0,9642.999
26,1.0,25.0,11.0,1.0,0.0,0.0,1.0,0.0,0.0,9897.049
27,1.0,27.0,10.0,0.0,1.0,0.0,1.0,0.0,0.0,11142.87
28,1.0,17.0,10.0,1.0,0.0,0.0,1.0,0.0,0.0,16218.04
29,1.0,24.0,11.0,1.0,0.0,0.0,1.0,0.0,0.0,995.7002
30,1.0,17.0,10.0,1.0,0.0,0.0,1.0,0.0,0.0,0.0
31,1.0,48.0,4.0,1.0,0.0,0.0,1.0,0.0,0.0,6551.592
32,1.0,25.0,11.0,1.0,0.0,1.0,1.0,0.0,0.0,1574.424
33,1.0,20.0,12.0,1.0,0.0,0.0,0.0,0.0,0.0,0.0
34,1.0,25.0,12.0,1.0,0.0,0.0,0.0,0.0,0.0,3191.753
35,1.0,42.0,14.0,1.0,0.0,0.0,0.0,0.0,0.0,20505.93
36,1.0,25.0,5.0,1.0,0.0,0.0,1.0,0.0,0.0,6181.88
37,1.0,23.0,12.0,1.0,0.0,1.0,0.0,0.0,0.0,5911.551
38,1.0,46.0,8.0,1.0,0.0,1.0,1.0,0.0,0.0,3094.156
39,1.0,24.0,10.0,1.0,0.0,0.0,1.0,0.0,0.0,0.0
40,1.0,21.0,12.0,1.0,0.0,0.0,0.0,0.0,0.0,1254.582
41,1.0,19.0,9.0,0.0,0.0,0.0,1.0,0.0,0.0,13188.83
42,1.0,17.0,8.0,1.0,0.0,0.0,1.0,0.0,0.0,8061.485
43,1.0,18.0,8.0,0.0,1.0,1.0,1.0,0.0,0.0,2787.96
44,1.0,20.0,11.0,1.0,0.0,0.0,1.0,0.0,0.0,3972.54
45,1.0,25.0,11.0,1.0,0.0,1.0,1.0,0.0,0.0,0.0
46,1.0,17.0,8.0,1.0,0.0,0.0,1.0,0.0,0.0,0.0
47,1.0,17.0,9.0,1.0,0.0,0.0,1.0,0.0,0.0,0.0
48,1.0,25.0,5.0,1.0,0.0,0.0,1.0,0.0,0.0,12187.41
49,1.0,23.0,12.0,1.0,0.0,0.0,0.0,0.0,0.0,4843.176
50,1.0,28.0,8.0,1.0,0.0,0.0,1.0,0.0,0.0,0.0
51,1.0,31.0,11.0,1.0,0.0,1.0,1.0,0.0,0.0,8087.487
52,1.0,18.0,11.0,1.0,0.0,0.0,1.0,0.0,0.0,0.0
53,1.0,25.0,12.0,1.0,0.0,0.0,0.0,0.0,0.0,2348.973
54,1.0,30.0,11.0,1.0,0.0,1.0,1.0,0.0,0.0,590.7818
55,1.0,17.0,10.0,1.0,0.0,0.0,1.0,0.0,0.0,0.0
56,1.0,37.0,9.0,1.0,0.0,0.0,1.0,0.0,0.0,1067.506
57,1.0,41.0,4.0,1.0,0.0,1.0,1.0,0.0,0.0,7284.986
58,1.0,42.0,14.0,1.0,0.0,1.0,0.0,0.0,0.0,13167.52
59,1.0,22.0,11.0,0.0,0.0,0.0,1.0,0.0,0.0,1048.432
60,1.0,17.0,8.0,1.0,0.0,0.0,1.0,0.0,0.0,0.0
61,1.0,29.0,8.0,1.0,0.0,0.0,1.0,0.0,0.0,1923.938
62,1.0,35.0,10.0,1.0,0.0,0.0,1.0,0.0,0.0,4666.236
63,1.0,27.0,11.0,1.0,0.0,0.0,1.0,0.0,0.0,549.2984
64,1.0,29.0,4.0,1.0,0.0,0.0,1.0,0.0,0.0,762.9146
65,1.0,28.0,9.0,1.0,0.0,0.0,1.0,0.0,0.0,10694.29
66,1.0,27.0,11.0,1.0,0.0,0.0,1.0,0.0,0.0,0.0
67,1.0,23.0,7.0,0.0,0.0,0.0,1.0,0.0,0.0,0.0
68,1.0,45.0,5.0,1.0,0.0,1.0,1.0,0.0,0.0,8546.715
69,1.0,29.0,13.0,1.0,0.0,0.0,0.0,0.0,0.0,7479.656
70,1.0,27.0,9.0,1.0,0.0,0.0,1.0,0.0,0.0,0.0
71,1.0,46.0,13.0,1.0,0.0,0.0,0.0,0.0,0.0,647.2046
72,1.0,18.0,6.0,1.0,0.0,0.0,1.0,0.0,0.0,0.0
73,1.0,25.0,12.0,1.0,0.0,0.0,0.0,0.0,0.0,11965.81
74,1.0,28.0,15.0,1.0,0.0,0.0,0.0,0.0,0.0,9598.541
75,1.0,25.0,11.0,0.0,0.0,0.0,1.0,0.0,0.0,18783.35
76,1.0,22.0,12.0,1.0,0.0,0.0,0.0,0.0,0.0,18678.08
77,1.0,21.0,9.0,1.0,0.0,0.0,1.0,0.0,0.0,0.0
78,1.0,40.0,11.0,1.0,0.0,0.0,1.0,0.0,0.0,23005.6
79,1.0,22.0,11.0,1.0,0.0,0.0,1.0,0.0,0.0,6456.697
80,1.0,25.0,12.0,1.0,0.0,0.0,0.0,0.0,0.0,0.0
81,1.0,18.0,12.0,1.0,0.0,0.0,0.0,0.0,0.0,2321.107
82,1.0,38.0,12.0,0.0,0.0,0.0,0.0,0.0,0.0,4941.849
83,1.0,27.0,13.0,1.0,0.0,0.0,0.0,0.0,0.0,0.0
84,1.0,27.0,8.0,1.0,0.0,0.0,1.0,0.0,0.0,0.0
85,1.0,38.0,11.0,1.0,0.0,0.0,1.0,0.0,0.0,0.0
86,1.0,23.0,8.0,0.0,1.0,0.0,1.0,0.0,0.0,3881.284
87,1.0,26.0,11.0,1.0,0.0,0.0,1.0,0.0,0.0,17230.96
88,1.0,21.0,12.0,0.0,0.0,0.0,0.0,0.0,0.0,8048.603
89,1.0,25.0,8.0,1.0,0.0,0.0,1.0,0.0,0.0,0.0
90,1.0,31.0,11.0,1.0,0.0,1.0,1.0,0.0,0.0,14509.93
91,1.0,17.0,10.0,1.0,0.0,0.0,1.0,0.0,0.0,0.0
92,1.0,25.0,11.0,1.0,0.0,0.0,1.0,0.0,0.0,0.0
93,1.0,21.0,12.0,1.0,0.0,0.0,0.0,0.0,0.0,9983.784
94,1.0,44.0,11.0,1.0,0.0,0.0,1.0,0.0,0.0,0.0
95,1.0,25.0,12.0,0.0,0.0,0.0,0.0,0.0,0.0,5587.503
96,1.0,18.0,9.0,1.0,0.0,0.0,1.0,0.0,0.0,4482.845
97,1.0,42.0,12.0,1.0,0.0,0.0,0.0,0.0,0.0,2456.153
98,1.0,25.0,10.0,1.0,0.0,0.0,1.0,0.0,0.0,0.0
99,1.0,31.0,9.0,0.0,1.0,0.0,1.0,0.0,0.0,26817.6
100,1.0,24.0,10.0,1.0,0.0,0.0,1.0,0.0,0.0,0.0
101,1.0,26.0,10.0,1.0,0.0,0.0,1.0,0.0,0.0,9265.788
102,1.0,25.0,11.0,1.0,0.0,0.0,1.0,0.0,0.0,485.2298
103,1.0,18.0,11.0,1.0,0.0,0.0,1.0,0.0,0.0,4814.627
104,1.0,19.0,11.0,1.0,0.0,0.0,1.0,0.0,0.0,7458.105
105,1.0,43.0,9.0,1.0,0.0,0.0,1.0,0.0,0.0,0.0
106,1.0,27.0,13.0,1.0,0.0,0.0,0.0,0.0,0.0,34099.28
107,1.0,17.0,9.0,1.0,0.0,0.0,1.0,0.0,0.0,1953.268
108,1.0,30.0,11.0,1.0,0.0,0.0,1.0,0.0,0.0,0.0
109,1.0,26.0,10.0,1.0,0.0,1.0,1.0,2027.999,0.0,0.0
110,1.0,20.0,9.0,1.0,0.0,0.0,1.0,6083.994,0.0,8881.665
111,1.0,17.0,9.0,0.0,1.0,0.0,1.0,445.1704,74.34345,6210.67
112,1.0,20.0,12.0,1.0,0.0,0.0,0.0,989.2678,165.2077,0.0
113,1.0,18.0,11.0,1.0,0.0,0.0,1.0,858.2543,214.5636,929.8839
114,1.0,27.0,12.0,1.0,0.0,1.0,0.0,3670.872,334.0493,0.0
115,1.0,21.0,12.0,0.0,0.0,0.0,0.0,3670.872,334.0494,12558.02
116,1.0,27.0,12.0,1.0,0.0,0.0,0.0,2143.413,357.9499,22163.25
117,1.0,20.0,12.0,1.0,0.0,0.0,0.0,0.0,377.5686,1652.637
118,1.0,19.0,10.0,1.0,0.0,0.0,1.0,0.0,385.2741,8124.715
119,1.0,23.0,12.0,1.0,0.0,0.0,0.0,5506.308,501.0741,671.3318
120,1.0,29.0,14.0,1.0,0.0,0.0,0.0,0.0,679.6734,17814.98
121,1.0,18.0,10.0,1.0,0.0,0.0,1.0,0.0,798.9079,9737.154
122,1.0,19.0,9.0,1.0,0.0,0.0,1.0,0.0,798.9079,17685.18
123,1.0,27.0,13.0,0.0,0.0,1.0,0.0,9381.566,853.7225,0.0
124,1.0,18.0,11.0,0.0,0.0,0.0,1.0,3678.231,919.5579,4321.705
125,1.0,27.0,9.0,1.0,0.0,1.0,1.0,0.0,934.4454,1773.423
126,1.0,22.0,12.0,1.0,0.0,0.0,0.0,5605.852,936.1773,0.0
127,1.0,23.0,10.0,1.0,0.0,1.0,1.0,0.0,936.4386,11233.26
128,1.0,23.0,12.0,0.0,1.0,0.0,0.0,9385.74,1117.439,559.4432
129,1.0,20.0,11.0,1.0,0.0,0.0,1.0,3637.498,1220.836,1085.44
130,1.0,17.0,9.0,1.0,0.0,0.0,1.0,1716.509,1253.439,5445.2
131,1.0,28.0,11.0,1.0,0.0,0.0,1.0,0.0,1284.079,60307.93
132,1.0,26.0,11.0,1.0,0.0,1.0,1.0,0.0,1392.853,1460.36
133,1.0,20.0,11.0,1.0,0.0,0.0,1.0,16318.62,1484.994,6943.342
134,1.0,24.0,11.0,1.0,0.0,1.0,1.0,824.3886,1666.113,4032.708
135,1.0,31.0,9.0,1.0,0.0,0.0,1.0,0.0,1698.607,10363.27
136,1.0,23.0,8.0,0.0,0.0,1.0,1.0,0.0,1713.15,4232.309
137,1.0,18.0,10.0,1.0,0.0,0.0,1.0,2143.411,1784.274,11141.39
138,1.0,29.0,12.0,1.0,0.0,0.0,0.0,10881.94,1817.284,0.0
139,1.0,26.0,11.0,0.0,0.0,0.0,1.0,0.0,2226.266,13385.86
140,1.0,24.0,9.0,1.0,0.0,0.0,1.0,9154.7,2288.675,4849.559
141,1.0,25.0,12.0,1.0,0.0,0.0,0.0,14426.79,2409.274,0.0
142,1.0,24.0,10.0,1.0,0.0,0.0,1.0,4250.402,2421.947,1660.508
143,1.0,46.0,8.0,1.0,0.0,0.0,1.0,3165.658,2594.723,0.0
144,1.0,31.0,12.0,0.0,0.0,0.0,0.0,0.0,2611.218,2484.549
145,1.0,19.0,11.0,1.0,0.0,0.0,1.0,2305.026,2615.276,4146.603
146,1.0,19.0,8.0,1.0,0.0,0.0,1.0,0.0,2657.057,9970.681
147,1.0,27.0,11.0,1.0,0.0,0.0,1.0,2206.94,2666.274,0.0
148,1.0,26.0,11.0,1.0,0.0,1.0,1.0,0.0,2754.646,26372.28
149,1.0,20.0,10.0,1.0,0.0,0.0,1.0,5005.731,2777.355,5615.189
150,1.0,28.0,10.0,1.0,0.0,0.0,1.0,0.0,2836.506,3196.571
151,1.0,24.0,12.0,1.0,0.0,0.0,0.0,13765.75,2842.764,6167.681
152,1.0,19.0,8.0,1.0,0.0,0.0,1.0,2636.353,2937.264,7535.942
153,1.0,23.0,12.0,1.0,0.0,0.0,0.0,6269.341,3039.96,8484.239
154,1.0,42.0,9.0,1.0,0.0,1.0,1.0,0.0,3058.531,1294.409
155,1.0,25.0,13.0,1.0,0.0,0.0,0.0,12362.93,3090.732,0.0
156,1.0,18.0,9.0,1.0,0.0,0.0,1.0,0.0,3287.375,5010.342
157,1.0,21.0,12.0,1.0,0.0,0.0,0.0,6473.683,3332.409,9371.037
158,1.0,27.0,10.0,1.0,0.0,0.0,1.0,1001.146,3550.075,0.0
159,1.0,21.0,8.0,1.0,0.0,0.0,1.0,989.2678,3695.897,4279.613
160,1.0,22.0,9.0,1.0,0.0,0.0,1.0,2192.877,3836.986,3462.564
161,1.0,31.0,4.0,1.0,0.0,0.0,1.0,8517.589,4023.211,7382.549
162,1.0,24.0,10.0,1.0,0.0,1.0,1.0,11703.2,4078.152,0.0
163,1.0,29.0,10.0,1.0,0.0,0.0,1.0,0.0,4398.95,0.0
164,1.0,29.0,12.0,1.0,0.0,0.0,0.0,9748.387,4878.937,10976.51
165,1.0,19.0,10.0,0.0,0.0,0.0,1.0,0.0,5324.109,13829.62
166,1.0,19.0,11.0,0.0,1.0,1.0,1.0,5424.485,5463.803,6788.463
167,1.0,31.0,9.0,1.0,0.0,0.0,1.0,10717.03,5517.841,9558.501
168,1.0,22.0,10.0,1.0,0.0,1.0,1.0,1468.348,5588.664,13228.28
169,1.0,21.0,9.0,1.0,0.0,0.0,1.0,6416.47,5749.331,743.6666
170,1.0,17.0,10.0,1.0,0.0,0.0,1.0,1291.468,5793.852,5522.788
171,1.0,26.0,12.0,1.0,0.0,1.0,0.0,8408.762,5794.831,1424.944
172,1.0,20.0,9.0,0.0,1.0,0.0,1.0,12260.78,5875.049,1358.643
173,1.0,19.0,10.0,1.0,0.0,0.0,1.0,4121.949,6056.754,0.0
174,1.0,26.0,10.0,1.0,0.0,0.0,1.0,25929.68,6788.958,672.8773
175,1.0,28.0,11.0,1.0,0.0,0.0,1.0,1929.029,6871.856,0.0
176,1.0,22.0,12.0,0.0,1.0,1.0,0.0,492.2305,7055.702,10092.83
177,1.0,33.0,11.0,1.0,0.0,0.0,1.0,0.0,7867.916,6281.433
178,1.0,22.0,12.0,0.0,0.0,0.0,0.0,6759.994,8455.504,12590.71
179,1.0,29.0,10.0,0.0,1.0,0.0,1.0,0.0,8853.674,5112.014
180,1.0,33.0,12.0,1.0,0.0,1.0,0.0,20279.95,10941.35,15952.6
181,1.0,25.0,14.0,1.0,0.0,1.0,0.0,35040.07,11536.57,36646.95
182,1.0,35.0,9.0,1.0,0.0,1.0,1.0,13602.43,13830.64,12803.97
183,1.0,35.0,8.0,1.0,0.0,1.0,1.0,13732.07,17976.15,3786.628
184,1.0,33.0,11.0,1.0,0.0,1.0,1.0,14660.71,25142.24,4181.942
185,0.0,23.0,10.0,1.0,0.0,0.0,1.0,0.0,0.0,0.0
186,0.0,26.0,12.0,0.0,0.0,0.0,0.0,0.0,0.0,12383.68
187,0.0,22.0,9.0,1.0,0.0,0.0,1.0,0.0,0.0,0.0
188,0.0,18.0,9.0,1.0,0.0,0.0,1.0,0.0,0.0,10740.08
189,0.0,45.0,11.0,1.0,0.0,0.0,1.0,0.0,0.0,11796.47
190,0.0,18.0,9.0,1.0,0.0,0.0,1.0,0.0,0.0,9227.052
191,0.0,24.0,8.0,0.0,0.0,0.0,1.0,0.0,0.0,10569.27
192,0.0,34.0,11.0,1.0,0.0,1.0,1.0,0.0,0.0,6040.335
193,0.0,24.0,4.0,0.0,1.0,0.0,1.0,0.0,0.0,3880.833
194,0.0,36.0,10.0,1.0,0.0,0.0,1.0,0.0,0.0,0.0
195,0.0,21.0,14.0,1.0,0.0,0.0,0.0,0.0,0.0,5775.062
196,0.0,28.0,9.0,1.0,0.0,0.0,1.0,0.0,0.0,0.0
197,0.0,27.0,7.0,1.0,0.0,1.0,1.0,0.0,0.0,0.0
198,0.0,19.0,11.0,0.0,0.0,0.0,1.0,0.0,0.0,0.0
199,0.0,20.0,8.0,1.0,0.0,0.0,1.0,0.0,0.0,0.0
200,0.0,34.0,12.0,1.0,0.0,0.0,0.0,0.0,0.0,2113.722
201,0.0,24.0,10.0,1.0,0.0,0.0,1.0,0.0,0.0,7618.639
202,0.0,22.0,8.0,0.0,1.0,0.0,1.0,0.0,0.0,9920.945
203,0.0,25.0,11.0,1.0,0.0,0.0,1.0,0.0,0.0,4196.375
204,0.0,39.0,9.0,1.0,0.0,0.0,1.0,0.0,0.0,0.0
205,0.0,19.0,9.0,1.0,0.0,1.0,1.0,0.0,0.0,16658.25
206,0.0,44.0,9.0,1.0,0.0,0.0,1.0,0.0,0.0,9722.003
207,0.0,27.0,8.0,1.0,0.0,0.0,1.0,0.0,0.0,3783.66
208,0.0,25.0,8.0,1.0,0.0,0.0,1.0,0.0,0.0,3515.929
209,0.0,31.0,10.0,1.0,0.0,0.0,1.0,0.0,0.0,17014.59
210,0.0,34.0,10.0,1.0,0.0,1.0,1.0,0.0,0.0,0.0
211,0.0,21.0,7.0,0.0,1.0,0.0,1.0,0.0,0.0,0.0
212,0.0,33.0,12.0,1.0,0.0,0.0,0.0,0.0,0.0,5970.257
213,0.0,18.0,10.0,0.0,1.0,0.0,1.0,0.0,0.0,1859.167
214,0.0,26.0,12.0,1.0,0.0,1.0,0.0,0.0,0.0,6191.943
215,0.0,31.0,12.0,1.0,0.0,0.0,0.0,0.0,0.0,7284.394
216,0.0,35.0,10.0,1.0,0.0,0.0,1.0,0.0,0.0,445.8309
217,0.0,20.0,12.0,1.0,0.0,0.0,0.0,0.0,0.0,0.0
218,0.0,25.0,11.0,1.0,0.0,0.0,1.0,0.0,0.0,0.0
219,0.0,25.0,10.0,1.0,0.0,0.0,1.0,0.0,0.0,7367.04
220,0.0,35.0,11.0,1.0,0.0,0.0,1.0,0.0,0.0,0.0
221,0.0,20.0,10.0,1.0,0.0,0.0,1.0,0.0,0.0,2015.503
222,0.0,25.0,9.0,0.0,1.0,0.0,1.0,0.0,0.0,15791.13
223,0.0,27.0,10.0,1.0,0.0,0.0,1.0,0.0,0.0,1135.47
224,0.0,20.0,11.0,0.0,1.0,0.0,1.0,0.0,0.0,6378.72
225,0.0,26.0,11.0,1.0,0.0,0.0,1.0,0.0,0.0,7176.187
226,0.0,38.0,8.0,1.0,0.0,0.0,1.0,0.0,0.0,0.0
227,0.0,34.0,10.0,1.0,0.0,0.0,1.0,0.0,0.0,7952.54
228,0.0,19.0,12.0,1.0,0.0,0.0,0.0,0.0,0.0,0.0
229,0.0,32.0,8.0,1.0,0.0,0.0,1.0,0.0,0.0,7152.132
230,0.0,20.0,9.0,0.0,1.0,0.0,1.0,0.0,0.0,8329.823
231,0.0,23.0,10.0,1.0,0.0,0.0,1.0,0.0,0.0,0.0
232,0.0,38.0,10.0,1.0,0.0,0.0,1.0,0.0,0.0,12429.91
233,0.0,24.0,11.0,1.0,0.0,0.0,1.0,0.0,0.0,0.0
234,0.0,23.0,11.0,1.0,0.0,0.0,1.0,0.0,0.0,5088.76
235,0.0,20.0,7.0,0.0,1.0,0.0,1.0,0.0,0.0,4374.04
236,0.0,21.0,11.0,1.0,0.0,0.0,1.0,0.0,0.0,1553.291
237,0.0,25.0,10.0,1.0,0.0,0.0,1.0,0.0,0.0,0.0
238,0.0,22.0,11.0,1.0,0.0,1.0,1.0,0.0,0.0,1698.304
239,0.0,23.0,11.0,1.0,0.0,0.0,1.0,0.0,0.0,0.0
240,0.0,24.0,12.0,0.0,0.0,0.0,0.0,0.0,0.0,11294.63
241,0.0,29.0,11.0,1.0,0.0,0.0,1.0,0.0,0.0,0.0
242,0.0,24.0,11.0,1.0,0.0,0.0,1.0,0.0,0.0,14626.39
243,0.0,22.0,9.0,1.0,0.0,0.0,1.0,0.0,0.0,12898.38
244,0.0,28.0,11.0,1.0,0.0,0.0,1.0,0.0,0.0,5767.133
245,0.0,18.0,10.0,0.0,1.0,0.0,1.0,0.0,0.0,6527.919
246,0.0,26.0,10.0,1.0,0.0,0.0,1.0,0.0,0.0,3931.238
247,0.0,25.0,10.0,1.0,0.0,0.0,1.0,0.0,0.0,20942.24
248,0.0,24.0,10.0,1.0,0.0,0.0,1.0,0.0,0.0,0.0
249,0.0,26.0,5.0,1.0,0.0,0.0,1.0,0.0,0.0,0.0
250,0.0,36.0,10.0,1.0,0.0,0.0,1.0,0.0,0.0,14690.35
251,0.0,22.0,11.0,1.0,0.0,0.0,1.0,0.0,0.0,0.0
252,0.0,25.0,12.0,1.0,0.0,0.0,0.0,0.0,0.0,3418.097
253,0.0,27.0,11.0,1.0,0.0,0.0,1.0,0.0,0.0,11197.34
254,0.0,29.0,8.0,1.0,0.0,0.0,1.0,0.0,0.0,0.0
255,0.0,24.0,12.0,1.0,0.0,0.0,0.0,0.0,0.0,0.0
256,0.0,22.0,10.0,1.0,0.0,0.0,1.0,0.0,0.0,0.0
257,0.0,24.0,7.0,1.0,0.0,0.0,1.0,0.0,0.0,1455.69
258,0.0,29.0,12.0,1.0,0.0,0.0,0.0,0.0,0.0,1890.937
259,0.0,25.0,11.0,0.0,1.0,1.0,1.0,0.0,0.0,4485.616
260,0.0,30.0,12.0,1.0,0.0,0.0,0.0,0.0,0.0,13613.35
261,0.0,22.0,8.0,1.0,0.0,0.0,1.0,0.0,0.0,1390.509
262,0.0,55.0,3.0,1.0,0.0,0.0,1.0,0.0,0.0,5843.796
263,0.0,20.0,10.0,1.0,0.0,0.0,1.0,0.0,0.0,8598.522
264,0.0,34.0,11.0,1.0,0.0,0.0,1.0,0.0,0.0,2920.199
265,0.0,22.0,12.0,1.0,0.0,0.0,0.0,0.0,0.0,0.0
266,0.0,32.0,12.0,0.0,1.0,1.0,0.0,0.0,0.0,6735.32
267,0.0,31.0,10.0,1.0,0.0,0.0,1.0,0.0,0.0,0.0
268,0.0,18.0,9.0,1.0,0.0,0.0,1.0,0.0,0.0,0.0
269,0.0,50.0,10.0,0.0,1.0,0.0,1.0,0.0,0.0,0.0
270,0.0,25.0,11.0,1.0,0.0,1.0,1.0,0.0,0.0,44.75546
271,0.0,23.0,10.0,1.0,0.0,1.0,1.0,0.0,0.0,0.0
272,0.0,38.0,10.0,1.0,0.0,0.0,1.0,0.0,0.0,0.0
273,0.0,25.0,10.0,1.0,0.0,1.0,1.0,0.0,0.0,3701.812
274,0.0,42.0,10.0,1.0,0.0,0.0,1.0,0.0,0.0,6930.336
275,0.0,39.0,12.0,1.0,0.0,1.0,0.0,0.0,0.0,3795.799
276,0.0,34.0,13.0,1.0,0.0,1.0,0.0,0.0,0.0,5193.247
277,0.0,24.0,7.0,1.0,0.0,0.0,1.0,0.0,0.0,2193.528
278,0.0,32.0,11.0,1.0,0.0,0.0,1.0,0.0,0.0,11120.53
279,0.0,27.0,13.0,1.0,0.0,0.0,0.0,0.0,0.0,7609.518
280,0.0,26.0,10.0,1.0,0.0,0.0,1.0,0.0,0.0,2169.027
281,0.0,44.0,11.0,1.0,0.0,0.0,1.0,0.0,0.0,0.0
282,0.0,25.0,11.0,1.0,0.0,0.0,1.0,0.0,0.0,1264.232
283,0.0,25.0,12.0,1.0,0.0,0.0,0.0,0.0,0.0,0.0
284,0.0,28.0,12.0,1.0,0.0,1.0,0.0,0.0,0.0,0.0
285,0.0,32.0,10.0,1.0,0.0,0.0,1.0,0.0,0.0,0.0
286,0.0,22.0,10.0,1.0,0.0,0.0,1.0,0.0,0.0,0.0
287,0.0,19.0,9.0,1.0,0.0,0.0,1.0,0.0,0.0,5712.643
288,0.0,31.0,10.0,1.0,0.0,1.0,1.0,0.0,0.0,0.0
289,0.0,23.0,11.0,1.0,0.0,0.0,1.0,0.0,0.0,0.0
290,0.0,33.0,11.0,1.0,0.0,0.0,1.0,0.0,0.0,0.0
291,0.0,27.0,10.0,1.0,0.0,0.0,1.0,0.0,0.0,1184.882
292,0.0,29.0,11.0,1.0,0.0,1.0,1.0,0.0,0.0,10225.88
293,0.0,23.0,10.0,1.0,0.0,0.0,1.0,0.0,0.0,0.0
294,0.0,25.0,9.0,1.0,0.0,1.0,1.0,0.0,0.0,4715.371
295,0.0,25.0,10.0,1.0,0.0,0.0,1.0,0.0,0.0,289.7899
296,0.0,24.0,10.0,1.0,0.0,0.0,1.0,0.0,0.0,0.0
297,0.0,28.0,8.0,0.0,0.0,0.0,1.0,0.0,0.0,8190.421
298,0.0,26.0,6.0,1.0,0.0,0.0,1.0,0.0,0.0,4813.05
299,0.0,30.0,14.0,1.0,0.0,1.0,0.0,0.0,0.0,7344.678
300,0.0,25.0,10.0,1.0,0.0,1.0,1.0,0.0,0.0,0.0
301,0.0,29.0,11.0,1.0,0.0,1.0,1.0,0.0,0.0,0.0
302,0.0,25.0,12.0,1.0,0.0,1.0,0.0,0.0,0.0,0.0
303,0.0,28.0,13.0,1.0,0.0,0.0,0.0,0.0,0.0,0.0
304,0.0,23.0,11.0,1.0,0.0,0.0,1.0,0.0,0.0,4350.907
305,0.0,54.0,11.0,1.0,0.0,0.0,1.0,0.0,0.0,7812.522
306,0.0,33.0,5.0,0.0,1.0,0.0,1.0,0.0,0.0,0.0
307,0.0,20.0,8.0,1.0,0.0,0.0,1.0,0.0,0.0,3644.655
308,0.0,45.0,9.0,1.0,0.0,0.0,1.0,0.0,0.0,4844.803
309,0.0,39.0,6.0,1.0,0.0,0.0,1.0,0.0,0.0,0.0
310,0.0,26.0,12.0,1.0,0.0,0.0,0.0,0.0,0.0,0.0
311,0.0,23.0,10.0,1.0,0.0,0.0,1.0,0.0,0.0,0.0
312,0.0,27.0,12.0,0.0,0.0,0.0,0.0,0.0,0.0,14792.9
313,0.0,33.0,9.0,0.0,1.0,1.0,1.0,0.0,0.0,0.0
314,0.0,25.0,10.0,1.0,0.0,1.0,1.0,0.0,0.0,0.0
315,0.0,23.0,8.0,1.0,0.0,0.0,1.0,0.0,0.0,3746.701
316,0.0,18.0,8.0,1.0,0.0,0.0,1.0,0.0,0.0,1568.15
317,0.0,17.0,8.0,1.0,0.0,0.0,1.0,0.0,0.0,7010.444
318,0.0,19.0,9.0,0.0,1.0,0.0,1.0,0.0,0.0,3811.683
319,0.0,18.0,8.0,0.0,1.0,0.0,1.0,0.0,0.0,10798.56
320,0.0,18.0,11.0,1.0,0.0,0.0,1.0,0.0,0.0,4657.273
321,0.0,17.0,11.0,1.0,0.0,0.0,1.0,0.0,0.0,8551.533
322,0.0,19.0,10.0,1.0,0.0,0.0,1.0,0.0,0.0,4309.878
323,0.0,19.0,10.0,1.0,0.0,0.0,1.0,0.0,0.0,5286.396
324,0.0,18.0,9.0,1.0,0.0,0.0,1.0,0.0,0.0,12486.17
325,0.0,18.0,9.0,1.0,0.0,0.0,1.0,0.0,0.0,10877.35
326,0.0,18.0,10.0,1.0,0.0,0.0,1.0,0.0,0.0,202.2847
327,0.0,17.0,10.0,1.0,0.0,0.0,1.0,0.0,0.0,2657.705
328,0.0,18.0,7.0,1.0,0.0,0.0,1.0,0.0,0.0,4132.577
329,0.0,18.0,11.0,1.0,0.0,0.0,1.0,0.0,0.0,11303.14
330,0.0,19.0,10.0,0.0,1.0,0.0,1.0,0.0,0.0,0.0
331,0.0,18.0,9.0,1.0,0.0,0.0,1.0,0.0,0.0,0.0
332,0.0,17.0,10.0,1.0,0.0,0.0,1.0,0.0,0.0,0.0
333,0.0,17.0,10.0,1.0,0.0,0.0,1.0,0.0,0.0,2189.426
334,0.0,19.0,11.0,1.0,0.0,0.0,1.0,0.0,0.0,0.0
335,0.0,17.0,8.0,0.0,0.0,0.0,1.0,0.0,0.0,10210.99
336,0.0,18.0,10.0,1.0,0.0,0.0,1.0,0.0,0.0,11048.08
337,0.0,18.0,9.0,1.0,0.0,0.0,1.0,0.0,0.0,0.0
338,0.0,17.0,8.0,1.0,0.0,0.0,1.0,0.0,0.0,8993.865
339,0.0,19.0,6.0,0.0,1.0,0.0,1.0,0.0,0.0,5071.801
340,0.0,19.0,10.0,0.0,0.0,0.0,1.0,0.0,0.0,3194.01
341,0.0,17.0,11.0,0.0,0.0,0.0,1.0,0.0,0.0,0.0
342,0.0,20.0,9.0,1.0,0.0,0.0,1.0,0.0,0.0,5193.089
343,0.0,17.0,9.0,1.0,0.0,0.0,1.0,0.0,0.0,0.0
344,0.0,17.0,10.0,1.0,0.0,0.0,1.0,0.0,0.0,275.5661
345,0.0,17.0,9.0,1.0,0.0,0.0,1.0,0.0,0.0,3590.702
346,0.0,19.0,11.0,1.0,0.0,0.0,1.0,0.0,0.0,0.0
347,0.0,19.0,10.0,1.0,0.0,1.0,1.0,0.0,0.0,12797.67
348,0.0,20.0,9.0,1.0,0.0,0.0,1.0,0.0,0.0,2035.914
349,0.0,18.0,9.0,1.0,0.0,0.0,1.0,0.0,0.0,2389.679
350,0.0,18.0,11.0,1.0,0.0,0.0,1.0,0.0,0.0,0.0
351,0.0,17.0,10.0,0.0,1.0,0.0,1.0,0.0,0.0,8469.275
352,0.0,19.0,11.0,1.0,0.0,0.0,1.0,0.0,0.0,0.0
353,0.0,17.0,10.0,1.0,0.0,0.0,1.0,0.0,0.0,1143.387
354,0.0,17.0,9.0,0.0,1.0,0.0,1.0,0.0,0.0,5114.814
355,0.0,18.0,10.0,1.0,0.0,0.0,1.0,0.0,0.0,781.2243
356,0.0,21.0,9.0,1.0,0.0,0.0,1.0,591.4991,0.0,3343.224
357,0.0,18.0,10.0,1.0,0.0,0.0,1.0,1563.249,0.0,9602.439
358,0.0,19.0,11.0,1.0,0.0,0.0,1.0,1626.623,0.0,0.0
359,0.0,24.0,9.0,1.0,0.0,0.0,1.0,2788.498,0.0,16461.57
360,0.0,28.0,11.0,0.0,1.0,1.0,1.0,3472.948,0.0,6771.622
361,0.0,25.0,11.0,1.0,0.0,0.0,1.0,5281.245,0.0,0.0
362,0.0,21.0,7.0,1.0,0.0,0.0,1.0,33799.95,0.0,11011.57
363,0.0,39.0,11.0,1.0,0.0,0.0,1.0,0.0,83.68964,0.0
364,0.0,36.0,12.0,1.0,0.0,0.0,0.0,0.0,142.3973,0.0
365,0.0,24.0,12.0,1.0,0.0,0.0,0.0,0.0,159.8847,0.0
366,0.0,17.0,11.0,1.0,0.0,0.0,1.0,989.2678,165.2077,4251.127
367,0.0,18.0,10.0,1.0,0.0,0.0,1.0,960.4268,240.1067,2891.668
368,0.0,18.0,10.0,1.0,0.0,0.0,1.0,0.0,273.5525,5514.365
369,0.0,28.0,10.0,1.0,0.0,0.0,1.0,1471.293,367.8234,4858.895
370,0.0,27.0,13.0,0.0,0.0,0.0,0.0,5214.306,474.5018,4812.576
371,0.0,31.0,12.0,0.0,0.0,0.0,0.0,0.0,494.643,0.0
372,0.0,22.0,9.0,1.0,0.0,0.0,1.0,0.0,506.4076,604.1987
373,0.0,31.0,10.0,1.0,0.0,0.0,1.0,0.0,520.4463,14527.88
374,0.0,26.0,10.0,1.0,0.0,1.0,1.0,6140.367,558.7734,0.0
375,0.0,18.0,9.0,0.0,0.0,0.0,1.0,0.0,559.596,7300.498
376,0.0,23.0,11.0,1.0,0.0,0.0,1.0,6382.309,580.7901,0.0
377,0.0,20.0,12.0,1.0,0.0,0.0,0.0,0.0,591.8151,4159.919
378,0.0,19.0,10.0,1.0,0.0,0.0,1.0,0.0,604.1539,0.0
379,0.0,18.0,11.0,1.0,0.0,0.0,1.0,1064.699,645.2723,5497.591
380,0.0,17.0,10.0,1.0,0.0,0.0,1.0,0.0,664.569,0.0
381,0.0,27.0,12.0,1.0,0.0,1.0,0.0,0.0,752.3901,0.0
382,0.0,27.0,11.0,1.0,0.0,0.0,1.0,3065.194,766.2986,0.0
383,0.0,28.0,12.0,0.0,0.0,0.0,0.0,0.0,803.343,16477.02
384,0.0,28.0,11.0,1.0,0.0,0.0,1.0,2431.949,863.4795,0.0
385,0.0,21.0,10.0,1.0,0.0,0.0,1.0,6661.063,1162.362,39483.53
386,0.0,17.0,10.0,0.0,1.0,0.0,1.0,4905.119,1168.902,11306.27
387,0.0,26.0,11.0,1.0,0.0,0.0,1.0,4699.963,1174.991,6672.021
388,0.0,29.0,9.0,1.0,0.0,0.0,1.0,0.0,1203.824,9378.653
389,0.0,17.0,10.0,0.0,1.0,0.0,1.0,1203.609,1239.628,5088.986
390,0.0,22.0,11.0,1.0,0.0,0.0,1.0,7914.131,1321.66,2639.29
391,0.0,24.0,11.0,1.0,0.0,0.0,1.0,0.0,1327.993,9495.902
392,0.0,20.0,12.0,1.0,0.0,0.0,0.0,557.6988,1371.473,20893.11
393,0.0,18.0,12.0,1.0,0.0,0.0,0.0,0.0,1405.512,0.0
394,0.0,24.0,11.0,0.0,0.0,0.0,1.0,2669.725,1468.383,10361.69
395,0.0,21.0,9.0,0.0,0.0,0.0,1.0,2988.412,1577.167,1740.199
396,0.0,30.0,8.0,1.0,0.0,0.0,1.0,0.0,1706.657,0.0
397,0.0,31.0,11.0,1.0,0.0,0.0,1.0,17711.88,1726.445,0.0
398,0.0,17.0,10.0,0.0,1.0,0.0,1.0,1442.681,1734.559,6354.194
399,0.0,19.0,9.0,1.0,0.0,0.0,1.0,8409.627,1778.089,7171.0
400,0.0,23.0,11.0,1.0,0.0,0.0,1.0,0.0,1896.023,5573.547
401,0.0,22.0,12.0,1.0,0.0,0.0,0.0,4380.017,2003.68,439.6881
402,0.0,29.0,12.0,1.0,0.0,0.0,0.0,22859.44,2080.209,16969.95
403,0.0,22.0,10.0,1.0,0.0,0.0,1.0,0.0,2174.955,5344.021
404,0.0,29.0,13.0,1.0,0.0,0.0,0.0,718.2492,2265.579,2725.322
405,0.0,19.0,11.0,1.0,0.0,0.0,1.0,721.3406,2445.589,9772.283
406,0.0,17.0,9.0,1.0,0.0,0.0,1.0,0.0,2595.267,0.0
407,0.0,18.0,10.0,1.0,0.0,0.0,1.0,1716.509,2682.125,0.0
408,0.0,19.0,12.0,1.0,0.0,0.0,0.0,8417.0,2814.195,1720.907
409,0.0,20.0,6.0,1.0,0.0,0.0,1.0,6006.879,2850.61,0.0
410,0.0,33.0,11.0,1.0,0.0,0.0,1.0,10523.83,2899.82,18859.89
411,0.0,36.0,11.0,0.0,1.0,0.0,1.0,5443.734,3063.878,1324.542
412,0.0,25.0,11.0,1.0,0.0,0.0,1.0,15209.99,3072.726,284.6584
413,0.0,19.0,11.0,1.0,0.0,0.0,1.0,3504.014,3285.68,11195.93
414,0.0,23.0,8.0,1.0,0.0,0.0,1.0,7724.283,3403.056,0.0
415,0.0,17.0,11.0,1.0,0.0,0.0,1.0,4080.73,3796.029,0.0
416,0.0,43.0,10.0,1.0,0.0,0.0,1.0,2502.868,4128.443,7565.273
417,0.0,26.0,11.0,1.0,0.0,1.0,1.0,0.0,4184.732,0.0
418,0.0,27.0,11.0,1.0,0.0,1.0,1.0,0.0,4491.884,0.0
419,0.0,19.0,11.0,1.0,0.0,0.0,1.0,6337.492,4503.064,0.0
420,0.0,28.0,11.0,1.0,0.0,1.0,1.0,8593.163,5393.895,4974.586
421,0.0,28.0,12.0,1.0,0.0,1.0,0.0,10585.13,5551.456,12780.02
422,0.0,26.0,8.0,1.0,0.0,0.0,1.0,1126.29,5562.598,3523.578
423,0.0,31.0,12.0,1.0,0.0,0.0,0.0,0.0,5613.909,0.0
424,0.0,23.0,11.0,1.0,0.0,0.0,1.0,7617.362,5716.407,10274.84
425,0.0,20.0,12.0,1.0,0.0,0.0,0.0,7182.492,6004.728,4779.72
426,0.0,28.0,10.0,1.0,0.0,1.0,1.0,8293.345,6449.48,16988.18
427,0.0,39.0,12.0,1.0,0.0,1.0,0.0,19785.32,6608.137,499.2572
428,0.0,21.0,8.0,1.0,0.0,0.0,1.0,39570.68,6608.304,3083.581
429,0.0,22.0,11.0,1.0,0.0,0.0,1.0,8810.067,6974.484,3708.719
430,0.0,20.0,11.0,1.0,0.0,0.0,1.0,8009.164,7666.875,7659.218
431,0.0,21.0,11.0,0.0,1.0,0.0,1.0,2992.534,8920.471,20857.84
432,0.0,23.0,12.0,0.0,1.0,0.0,0.0,5721.696,8960.684,7078.178
433,0.0,29.0,9.0,1.0,0.0,0.0,1.0,9268.943,9160.693,0.0
434,0.0,28.0,9.0,1.0,0.0,1.0,1.0,10222.41,9210.447,1239.844
435,0.0,30.0,11.0,1.0,0.0,1.0,1.0,0.0,9311.938,3982.801
436,0.0,25.0,10.0,1.0,0.0,1.0,1.0,13519.97,9319.444,0.0
437,0.0,28.0,11.0,1.0,0.0,1.0,1.0,824.3889,10033.91,0.0
438,0.0,22.0,10.0,0.0,0.0,0.0,1.0,27864.36,10598.67,7094.92
439,0.0,44.0,9.0,1.0,0.0,1.0,1.0,12260.78,10857.24,12359.31
440,0.0,21.0,9.0,1.0,0.0,0.0,1.0,31886.43,12357.22,0.0
441,0.0,28.0,11.0,1.0,0.0,0.0,1.0,17491.45,13371.25,0.0
442,0.0,29.0,9.0,0.0,1.0,0.0,1.0,9594.308,16341.16,16900.3
443,0.0,25.0,9.0,1.0,0.0,1.0,1.0,24731.62,16946.63,7343.964
444,0.0,22.0,10.0,0.0,0.0,1.0,1.0,25720.92,23031.98,5448.801
